node_id,Line Content,from_time,from_value,from_avg_value,from_gas,from_avg_gas,from_max_iter,from_min_iter,to_time,to_value,to_avg_value,to_gas,to_avg_gas,to_max_iter,to_min_iter,label
0x51836a753e344257b361519e948ffcaf5fb8d521,1,10140,540995.4028226633,53.35260382866502,5.029924288400189,0.0004960477601972,76032467,-51494777,93,80070.0,860.9677419354839,0.0277998147000419,0.0002989227387101,18923404,-19610346,Exchange
0x2140efd7ba31169c69dfff6cdc66c542f0211825,1,1169,2701401.4401666,2310.865218277673,0.2182975405112164,0.0001867387001806,25038788,-25038675,8979,2729481.742482416,303.9850476091342,9.637935930000014,0.0010733863381222,25224370,-25387651,Exchange
0x1e2fcfd26d36183f1a5d90f0e6296915b02bcb40,1,0,0.0,0.0,0.0,0.0,0,0,6,219999.9731379813,36666.66218966356,0.002268,0.000378,2347,0,Exchange
0x390de26d772d2e2005c6d1d24afc902bae37a4bb,1,5558,2258039.904925164,406.2684247796265,11.57564652017847,0.0020826999856384,19609671,-19609076,4704,2048495.8899474,435.4795684411991,10.09195175929468,0.0021453979080133,19657605,-19583970,Exchange
0x120a270bbc009644e35f0bb6ab13f95b8199c4ad,1,7531,3215680.17086002,426.9924539715868,7.848372814140304,0.0010421421875103,17658117,-18075380,2931,6655184.241753487,2270.618983880412,3.021210200143984,0.0010307779597898,19698741,-19939948,Exchange
0xd94c9ff168dc6aebf9b6cc86deff54f3fb0afc33,1,9582,6670380.240910934,696.136531090684,5.134742247178948,0.0005358737473574,62505776,-61042031,769,20142984.92,26193.73851755527,0.3657702247862253,0.0004756439854177,67630938,-70806903,Exchange
0x2f1233ec3a4930fd95874291db7da9e90dfb2f03,1,5512,66480.641224,12.06107424238026,2.71975705918971,0.0004934247204625,26762371,-29909658,4489,66906.21451686011,14.90448084581424,1.739451104999833,0.0003874918924036,28264372,-28022574,Exchange
0x4b729cf402cfcffd057e254924b32241aedc1795,1,6184,420683.8686500378,68.02779247251581,8.09886964400021,0.0013096490368693,28938194,-29202680,3821,467662.2966272828,122.3926450215344,4.897808134097174,0.0012818131730167,28090456,-26877519,Exchange
0x8781ebb17371d0c530285433308c02b81b895dae,0,4,0.284,0.071,0.003444,0.000861,1594037,-1594037,19,0.148,0.0077894736842105,0.0063,0.0003315789473684,475479,-627205,Phishing
0x2e5675ec56f8c5e2119a44acc66d780d18a18315,0,11,4.735944764756595,0.4305404331596904,0.002207625,0.0002006931818181,0,0,39,4.740647143601662,0.1215550549641451,0.0069048,0.0001770461538461,0,0,Phishing
0x769749419513c60ad4ffcb5b5072c8b74ff4c08c,0,0,0.0,0.0,0.0,0.0,0,0,2,37.81580507,18.907902535,0.001218,0.000609,0,0,Phishing
0xbe2c434c49959ec0b6bb4885e63ff9977c009298,0,6,37.25489068,6.209148446666667,0.00366052,0.0006100866666666,0,0,5,35.27802486,7.055604972,0.002923070843574,0.0005846141687148,0,-37144,Phishing
0xfbf2173154f7625713be22e0504404ebfe021eae,1,1,0.009342,0.009342,0.00021,0.00021,0,0,9,181.015,20.11277777777778,0.0095528999999999,0.0010614333333333,20884761,-23644844,Exchange
0x57b818a1070373e21fcedf48d4368e1703c75852,0,0,0.0,0.0,0.0,0.0,0,0,1,0.03,0.03,0.004142922,0.004142922,0,0,Phishing
0xdf5021a4c1401f1125cd347e394d977630e17cf7,1,0,0.0,0.0,0.0,0.0,0,0,181,337.0943985104572,1.862399991770481,0.1279837009092398,0.0007070922702167,10684142,-12527923,Exchange
0xfbb1b73c4f0bda4f67dca266ce6ef42f520fbb98,1,12852,14955667.80051368,1163.684080338755,12.26492775012279,0.0009543205532308,101273913,-100264046,925,1926400.255428449,2082.594870733458,0.6971747974318443,0.0007537024837101,27256797,-26553204,Exchange
0xd473f5339012b837138e9ed3318cd387dbac299c,0,1,0.95590427,0.95590427,0.000462,0.000462,0,0,1,0.95636627,0.95636627,0.000441,0.000441,0,0,Phishing
0x5861b8446a2f6e19a067874c133f04c578928727,1,1486,3842506.35460495,2585.805083852591,1.47553398,0.0009929569179004,46976737,-47165706,8892,1883271.506416199,211.7939166010121,2.282326199999975,0.0002566718623481,42014253,-41689366,Exchange
0xf686f3b77bf7c47aa19d58ddbae60038d1859049,0,1,0.999139,0.999139,0.000861,0.000861,0,0,1,1.0,1.0,0.00126,0.00126,0,0,Phishing
0x76f6671887cf6056344d999e0f326a80a4548710,0,8,11.916704,1.489588,0.007287,0.000910875,165195,0,11,11.723994668,1.065817697090909,0.0066365459999999,0.0006033223636363,0,0,Phishing
0x249bdb4499bd7c683664c149276c1d86108e2137,0,3636,315.2706094540001,0.0867080884086909,0.3735308892730495,0.0001027312676768,19035564,-18672033,16,13.45520681,0.840950425625,0.00399,0.000249375,16016900,-11439225,Mining
0x429bf8ec3330e02401d72beade86000d9a2e19eb,1,9008,253743.1637020003,28.16864605928067,18.92323599999968,0.0021007144760212,35051094,-33084725,1006,321265.5645089406,319.3494677027243,2.38333237053001,0.0023691176645427,33528060,-34507523,Exchange
0x9a88031270e35db9d3254bf66b92f64969d90440,0,2,0.99906831,0.499534155,0.00042,0.00021,0,0,1,1.0,1.0,0.000105,0.000105,0,0,Phishing
0x31a2feb9b5d3b5f4e76c71d6c92fc46ebb3cb1c1,1,15,0.098091,0.0065394,0.0012164249999999,8.109499999999998e-05,88790,-144885,13,209.465,16.11269230769231,0.012635852035128,0.0009719886180867,27706016,-30194766,Exchange
0x267be1c1d684f78cb4f6a176c4911b741e4ffdc0,1,11409,27653856.79954752,2423.863335923176,7.182790980143452,0.0006295723534177,84741396,-90016466,73,15863817.52817669,217312.5688791328,0.0425777643858419,0.0005832570463813,44114321,-41097772,Exchange
0x137ad9c4777e1d36e4b605e745e8f37b2b62e9c5,1,1279,2853315.66,2230.895746677092,1.522560900000004,0.0011904307271305,45604856,-45606644,9030,1669744.145102083,184.9107580400978,2.623792499999994,0.0002905639534883,42254221,-42204479,Exchange
0x382cdf373e45f552ee2d058839883a2c8a931929,0,0,0.0,0.0,0.0,0.0,0,0,2,1122.8,561.4,0.000882,0.000441,0,0,Phishing
0x32be343b94f860124dc4fee278fdcbd38c102d88,1,9326,97446016.3338696,10448.85442138855,8.04850489490772,0.0008630178956581,91031451,-91220400,3262,45197559.84701345,13855.781682101,3.226688637183569,0.0009891749347589,29228343,-28998357,Exchange
0xeee28d484628d41a82d01e21d12e2e78d69920da,1,7833,1466316.923499999,187.1973603344822,7.706733179999625,0.000983880145538,6629567,-6733330,2390,2003286.807722968,838.1953170388985,2.164810200000004,0.0009057783263598,13057787,-6548962,Exchange
0xf4b6eddd5bfee71eeef3970bacb290467401c946,0,2,1.003243920274942,0.501621960137471,0.000966,0.000483,-1732288,-1732288,1,1.004434,1.004434,0.000105,0.000105,0,0,Phishing
0xee83bf55194787acc44d6316623998c1876aed8a,0,2,2.398278,1.199139,0.001722,0.000861,0,0,1,1.2,1.2,0.000441,0.000441,0,0,Phishing
0x1520d11074e265f4e6beff7c6ee844d346af8e46,0,0,0.0,0.0,0.0,0.0,0,0,1,1.0,1.0,0.00042,0.00042,0,0,Phishing
0x689c56aef474df92d44a1b70850f808488f9769c,1,737,2197428.017429623,2981.584826905866,0.1946211302800797,0.0002640720899322,19448767,-19074445,9633,643755.239961176,66.82811584772926,2.359567331655829,0.0002449462609421,15958484,-13655296,Exchange
0x9d6d492bd500da5b33cf95a5d610a73360fcaaa0,0,1038,46181.702479966,44.49104285160501,0.2663660999999996,0.0002566147398843,3618551,-3314051,47,19693.78256755,419.0166503734042,0.007941768218643,0.000168973791886,5683080,-4566864,Mining
0x381b94be319fd260c336204a1fe52ab6bd37f31b,0,0,0.0,0.0,0.0,0.0,0,0,2,0.0217911963624798,0.0108955981812399,0.000294,0.000147,719,719,Phishing
0x5d82db63cf0c54d47006d416bdc7dab09ea2f3f1,0,2,1.509958,0.754979,4.2e-05,2.1e-05,0,0,15,1.51,0.1006666666666666,0.012789088,0.0008526058666666,0,0,Phishing
0xc78310231aa53bd3d0fea2f8c705c67730929d8f,0,49,882088.1608999999,18001.79920204081,0.01836714,0.0003748395918367,66084914,-57119801,13,3574.443647451071,274.9572036500824,0.00241626,0.0001858661538461,4072444,0,ICO Wallets
0xfa3572b21b35cfe042ae940d5a74a9706882c6db,0,1,1.27575299,1.27575299,0.00105,0.00105,0,0,1,1.27680299,1.27680299,0.0019635,0.0019635,0,0,Phishing
0xac338d9faac562df26d702880c796e1024e2698a,1,229,849.8897554776005,3.711308975884718,0.0469993735178677,0.0002052374389426,15827206,-15790889,546,897.1515901412746,1.643134780478525,0.3620919496395495,0.0006631720689369,36057569,-13192987,Exchange
0x7793cd85c11a924478d358d49b05b37e91b5810f,1,13,19599.0,1507.615384615384,0.0043285283999789,0.0003329637230753,3366132,-2654065,9989,11373.24266792223,1.138576701163503,0.4196429454000086,4.201050609670724e-05,366859,-368276,Exchange
0xfd54078badd5653571726c3370afb127351a6f26,1,16032,105.4325773999997,0.0065763833208582,11.4501156000009,0.0007142038173653,35424461,-35383589,21,845.0,40.23809523809524,0.0172934999999999,0.0008234999999999,25596061,-34565155,Exchange
0xac708e2243b79ce143fa02d097bee55e5dd589de,0,6,6.940449789999999,1.156741631666666,0.001386,0.000231,0,0,4,6.94210774,1.735526935,0.00273,0.0006825,0,-1843,Phishing
0xec4208e6786bb63b3a204590a477585dc8152b4b,0,1,2.09021537,2.09021537,0.002079,0.002079,0,0,3,2.09229437,0.6974314566666667,0.003297,0.001099,0,0,Phishing
0xab11204cfeaccffa63c2d23aef2ea9accdb0a0d5,1,44,0.24619098016626,0.0055952495492331,0.127561798309932,0.0028991317797711,510370,-523,18,386.54,21.47444444444444,0.020543537235669,0.0011413076242038,20768053,-15553804,Exchange
0xfdb16996831753d5331ff813c29a93c76834a0ad,1,54,114775.41,2125.470555555556,0.028791,0.0005331666666666,15625767,-15625767,2480,57842.93457187613,23.32376394027263,1.215750900000005,0.0004902221370967,40601180,-31892642,Exchange
0x1151314c646ce4e0efd76d1af4760ae66a9fe30f,1,10465,37273477.96784154,3561.727469454519,5.943870907108196,0.0005679761975258,40955573,-40969386,0,0.0,0.0,0.0,0.0,0,0,Exchange
0xd793281182a0e3e023116004778f45c29fc14f19,1,0,0.0,0.0,0.0,0.0,0,0,8,340020.0,42502.5,0.000759924,9.49905e-05,89613,-3793,Exchange
0x63ebbfc7530b49d8856bf14cbe78da584e8d0b2a,0,1,3.265,3.265,0.000861,0.000861,0,0,4,3.2697802,0.81744505,0.004515,0.00112875,0,0,Phishing
0xcafe1a77e84698c83ca8931f54a755176ef75f2c,0,0,0.0,0.0,0.0,0.0,0,0,16,3718.482587605202,232.4051617253251,0.0106877519999999,0.0006679844999999,1914092,-8581728,ICO Wallets
0xf7d58e6720696b8f46dc9270443d8beaeb8d9775,0,13,9545.204329301,734.2464868693077,0.0138666989999999,0.0010666691538461,29869530,-3351341,3063,14760.05405578999,4.818822741034928,1.740824805306407,0.0005683397993164,6131907,-5969075,ICO Wallets
0xb0f5b1c692d60e7d43fdbcbe2f5756b21e433655,0,3,2.511977,0.8373256666666666,0.001323,0.000441,0,0,3,2.5133,0.8377666666666667,0.002268,0.000756,0,0,Phishing
0x1fd6267f0d86f62d88172b998390afee2a1f54b6,1,9501,445060.1271464988,46.84350354136394,3.575508539462123,0.00037632970629,57170747,-58834651,713,909515.7314979292,1275.618136743239,0.413777284630406,0.0005803327975181,35648967,-35513050,Exchange
0x1e442d0461bd7a52fadb9920f6ed5bb3cd8ff75d,0,0,0.0,0.0,0.0,0.0,0,0,23,25.45938930153044,1.106929969631758,0.020241374956992,0.0008800597807387,1458,-383905,Phishing
0xbaf18322ce288b08b2c58081fd0d1a9f03a9ea37,0,1,13.9306408,13.9306408,0.000861,0.000861,0,0,6,13.9315018,2.321916966666667,0.0082152,0.0013692,0,-113690,Phishing
0xa30d8157911ef23c46c0eb71889efe6a648a41f7,1,8528,578368.8150437807,67.8199830023195,13.86565469491954,0.0016258975955581,16405803,-16394063,1478,631292.2512644352,427.1260157404839,1.636248893662977,0.001107069616822,21925627,-20688677,Exchange
0x1c4b70a3968436b9a0a9cf5205c787eb81bb558c,1,51,927921.0,18194.5294117647,0.0191072319399999,0.0003746516066666,31134665,-26552151,9970,587048.089023511,58.88145326213752,1.523045874000093,0.000152762876028,29650871,-29672232,Exchange
0x00799bbc833d5b168f0410312d2a8fd9e0e3079c,1,19,3.935000000000001,0.2071052631578947,0.009954,0.0005238947368421,282,-282,13,8.2,0.6307692307692307,0.00861,0.0006623076923076,282,-282,Exchange
0x0b70f396d0626c9d8008d68c8d9c98e77ddb8262,0,1,0.04,0.04,0.000861,0.000861,0,0,1,0.0500067406503384,0.0500067406503384,0.000126,0.000126,0,0,Phishing
0x3b0bc51ab9de1e5b7b6e34e5b960285805c41736,1,8356,222699.0121525506,26.65138967838088,4.729538259150452,0.000566005057342,46641781,-46154533,3068,1246313.114480003,406.2298287092577,2.143192316341298,0.0006985633364867,55945788,-54652551,Exchange
0xe88379631857c0d8174efefdf8dca25b29610f08,0,2,0.11215402,0.05607701,0.001722,0.000861,0,0,2,0.11387602,0.05693801,0.0009239999999999,0.0004619999999999,0,0,Phishing
0x8d76166c22658a144c0211d87abf152e6a2d9d95,1,178,299.724469125,1.683845332162921,0.0439102492992444,0.0002466867938159,1457183,-889423,138,376.0139910811419,2.724739065805376,0.0200615998026145,0.0001453739116131,1257069,-1304422,Exchange
0xdada0b3e40c3f2a2586658c2097c3bbcf8294b42,0,1,1.67835292,1.67835292,0.000483,0.000483,0,0,2,1.678835928914909,0.8394179644574543,0.001008,0.000504,0,0,Phishing
0x7bb187351421c3affda57c7a5132e304f73167c8,0,0,0.0,0.0,0.0,0.0,0,0,5,26.728,5.345599999999999,0.00440115,0.00088023,0,-524941,ICO Wallets
0xfa52274dd61e1643d2205169732f29114bc240b3,1,0,0.0,0.0,0.0,0.0,0,0,10000,28762928.50877417,2876.292850877417,6.387788629964819,0.0006387788629964,88876303,-88730465,Exchange
0x236f9f97e0e62388479bf9e5ba4889e46b0273c3,1,4908,2061169.232710489,419.9611313591053,3.630843527270617,0.000739780669778,21908374,-21739292,5095,2454944.877468285,481.8341270791531,3.397895378464841,0.0006669078269803,13162869,-13674417,Exchange
0x5e575279bf9f4acf0a130c186861454247394c06,1,6841,290.5899999999891,0.0424777079374344,2.12187207707974,0.0003101698694751,30739543,-29689193,3175,1033.906346954873,0.3256397943164953,0.1980570021520853,6.23801581581371e-05,46031780,-42735668,Exchange
0x39f6a6c85d39d5abad8a398310c52e7c374f2ba3,1,12,0.26101,0.0217508333333333,0.01008,0.00084,0,0,6,1.679248069208989,0.2798746782014982,0.003612,0.000602,100821,0,Exchange
0x9bf25700727d10a857099d1033ce2cc493c3b61a,1,0,0.0,0.0,0.0,0.0,0,0,375,123.3825061549,0.3290200164130666,1.49477531566029,0.0039860675084274,23503701,-23652710,Exchange
0xf30fbbed70f2d9c40e9195f05318e01d795eba10,0,1,12.5538418,12.5538418,0.000861,0.000861,0,0,6,12.5547028,2.092450466666667,0.0017020499999999,0.0002836749999999,0,-5037,Phishing
0x69d07b6d25f32c26faf4170aebbf5c602d6dcaff,0,8,200.6135970772272,25.0766996346534,0.009618,0.00120225,313,-1700,22,61.84858567200779,2.811299348727627,0.015645,0.0007111363636363,1444,-1259,Phishing
0x0669398307efefb60030ff328a0cb6a3a840182c,0,0,0.0,0.0,0.0,0.0,0,0,23,82.31530530012563,3.578926317396767,0.0163844625488419,0.0007123679369061,184335,-185442,Phishing
0x0536806df512d6cdde913cf95c9886f65b1d3462,1,13,0.05230832696153,0.0040237174585792,0.0122076096243569,0.0009390468941813,806,-390,29,663.983,22.89596551724138,0.026979206215563,0.000930317455709,33489089,-48691006,Exchange
0xae7006588d03bd15d6954e3084a7e644596bc251,1,2220,138.8818200988886,0.0625593784229227,0.2940058863374473,0.0001324350839357,12130319,-9654563,1215,139.6548479988258,0.1149422617274286,0.1015900864570379,8.361323988233574e-05,12255732,-9356865,Exchange
0xed8204345a0cf4639d2db61a4877128fe5cf7599,1,17,18.67638991851053,1.09861117167709,0.0045890850083789,0.0002699461769634,200315,-46559,3,20.05001959,6.683339863333333,0.00273,0.0009099999999999,0,0,Exchange
0x41653302b65b7a7422fd7ca692506e8936a4acc2,0,14,23.65167197,1.689405140714286,0.003549,0.0002535,16432558,-16259151,32,33.10318407,1.0344745021875,0.0088233287999998,0.0002757290249999,15897417,-12087443,Phishing
0xb8cf411b956b3f9013c1d0ac8c909b086218207c,1,5119,81576.29163586962,15.93598195660668,2.441318150800066,0.0004769130984176,20098545,-17883863,4915,72892.21774569518,14.83056312221672,2.412454800000048,0.0004908351576805,25887169,-21266177,Exchange
0x07ee55aa48bb72dcc6e9d78256648910de513eca,1,0,0.0,0.0,0.0,0.0,0,0,116,4989001.029381,43008.62956362931,0.0517921417639262,0.0004464839807235,72388768,-80114310,Exchange
0xd551234ae421e3bcba99a0da6d736074f22192ff,1,9999,5336786.335414455,533.7320067421198,10.601258514957,0.0010602318746831,43336557,-39763988,1712,23148980.0,13521.60046728972,1.730252999913968,0.0010106617990151,44724216,-44923155,Exchange
0x32598293906b5b17c27d657db3ad2c9b3f3e4265,1,1,0.005,0.005,0.0006951,0.0006951,0,0,8,740000.2,92500.025,0.0055607999999999,0.0006950999999999,0,0,Exchange
0x892e9e24aea3f27f4c6e9360e312cce93cc98ebe,1,706,32044.51389637602,45.38882988155243,0.2991029999999987,0.0004236586402266,27887176,-27672977,1139,46573.01764266,40.88939213578577,0.4926954965389161,0.000432568478085,22065706,-28076648,Exchange
0xd1560b3984b7481cd9a8f40435a53c860187174d,1,0,0.0,0.0,0.0,0.0,0,0,9075,31306.57340442001,3.449760154757026,3.600278593000067,0.0003967249138292,16818527,-16603880,Exchange
0x65440e4ce8a9a596a20ec8f910dfc8b1a20c5f7a,0,0,0.0,0.0,0.0,0.0,0,0,23,20.96,0.911304347826087,0.0230431116423929,0.0010018744192344,6561304,0,Phishing
0x16881a3b5bd0f6b2f8c547dcf9bd74442eaddcf9,0,1,6.08,6.08,0.000861,0.000861,0,0,11,6.08308935,0.5530081227272727,0.0033075,0.0003006818181818,0,0,Phishing
0x91e18ee76483fa2ec5cfe2959df46673c2565be0,1,4,0.008,0.002,0.00168,0.00042,0,0,1,0.5,0.5,0.00042,0.00042,0,0,Exchange
0xd64052035cfe91e85ca648994b0cedb178df0e4e,0,11,100.992693375,9.18115394318182,0.003368625,0.0003062386363636,0,-144,6,181.993124,30.33218733333333,0.0022259999999998,0.0003709999999999,-64,-79,Phishing
0xeca2592e788c76f2e3cd4eb6ffcdbe5cf8141c72,0,35,1310.672188655622,37.44777681873206,0.0776645999999998,0.0022189885714285,10087578,-22624683,28,1221.5902648776,43.62822374562857,0.0326339999999999,0.0011654999999999,18968443,-35940293,Phishing
0x629a7144235259336ea2694167f3c8b856edd7dc,1,0,0.0,0.0,0.0,0.0,0,0,10,8203.0,820.3,0.01103673,0.001103673,2501782,131,Exchange
0x0d6b5a54f940bf3d52e438cab785981aaefdf40c,1,5313,118102.20632929,22.22891141149822,3.36064899069325,0.000632533218651,49344073,-46234745,4689,96540.82568734308,20.58878773455813,2.915735896210411,0.0006218246739625,35412999,-35707483,Exchange
0xf7793d27a1b76cdf14db7c83e82c772cf7c92910,1,4957,383320.3337013975,77.3290969742581,2.538480715703942,0.0005121002049029,33280794,-33367331,5045,352530.1850089301,69.87714271733005,1.052364799451461,0.0002085955994948,34215777,-34813462,Exchange
0xf2d4766ad705e3a5c9ba5b0436b473085f82f82f,1,0,0.0,0.0,0.0,0.0,0,0,495,23624.12105770022,47.72549708626306,0.0294298513910783,5.945424523450181e-05,10510428,-10510130,Exchange
0x9cbadd5ce7e14742f70414a6dcbd4e7bb8712719,1,84,69740.0,830.2380952380952,0.022339814700042,0.0002659501750004,18923404,-19610346,99,107352.61102,1084.369808282828,0.0349859999999999,0.0003533939393939,20203458,-19409015,Exchange
0xb1843d1eb962da7760a80fc91b442491cf437492,0,3,22.09535649,7.36511883,0.002583,0.000861,84,0,13,22.10046704,1.700035926153846,0.002919,0.0002245384615384,5514,0,Phishing
0x28f4c90197238494d309446c277b2ca93646e88b,0,4,93.98605142091834,23.49651285522958,0.001701,0.00042525,0,0,105,93.98664280953562,0.8951108839003393,0.0440999999999999,0.0004199999999999,0,0,Phishing
0xb3eefe335f6b60f9edcc709029673d4c69d64c35,0,10,10.08151127892385,1.008151127892385,0.0042,0.0004199999999999,3200719,-475281,10,9.555973000000002,0.9555973000000002,0.0049371,0.00049371,14353,0,Phishing
0xba25feffe57126b503c2a313d928ee99e25884b6,0,2,1.99428449,0.997142245,0.001722,0.000861,19283,19283,5,1.99600649,0.399201298,0.0032633999999999,0.0006526799999999,0,0,Phishing
0xa2c7736dddf5cf870896c96e3017a78bc7bb6ef0,0,1,5.99,5.99,0.000861,0.000861,0,0,13,5.992165190000001,0.4609357838461539,0.0105567,0.0008120538461538,4457,-609,Phishing
0x5705b22cc145d5f15782e55a8b7c86a62b91b456,0,1,19.999916,19.999916,8.4e-05,8.4e-05,0,0,2,40.0,20.0,0.001722,0.000861,0,0,Phishing
0xea6e18fd3c301e4300bc99b6db792fcff376abb4,0,2,3.508999,1.7544995,0.001701,0.0008505,0,0,3,3.5107,1.170233333333333,0.0016863,0.0005621,0,0,Phishing
0xb6ba1931e4e74fd080587688f6db10e830f810d5,1,4806,15198.81635435001,3.162466990085313,2.740389497266156,0.000570201726439,41049708,-42401369,5203,16630.51937370989,3.19633276450315,3.295682191183523,0.00063341960238,41614477,-43290550,Exchange
0x362f1d7c705f0d8f38786b4d6efd6ecc54199be6,0,1,1.499517,1.499517,0.000483,0.000483,0,0,1,1.0,1.0,8.4e-05,8.4e-05,0,0,Phishing
0xf8ed2a01846a04e98f6ca7ec4ff15cbcb5406064,0,1,5.70050157,5.70050157,0.000861,0.000861,0,0,5,5.70150157,1.140300314,0.0013125,0.0002625,0,0,Phishing
0x9f5ca0012b9b72e8f3db57092a6f26bf4f13dc69,1,23,2595.036634790813,112.8276797735136,0.0209999999999999,0.0009130434782608,14791554,-13058488,34,6588.1898102,193.7702885352941,0.011529,0.0003390882352941,14514869,-17625239,Exchange
0xd0e45dceb9b9a3ab8bd59a989cbdbc03d1507afd,0,1,1.61916325,1.61916325,0.000861,0.000861,0,0,2,1.62002425,0.8100121250000001,0.000651,0.0003255,0,0,Phishing
0xaa9455da13ba39f5d4e6275337c3d5600cb0f5b4,0,1,1.19895,1.19895,0.00105,0.00105,0,0,2,1.2,0.6,0.000527625,0.0002638125,0,0,Phishing
0x3683ed5a996c11d0eb4d47c9bff077772644ac62,0,15,13.3230876358,0.8882058423866667,0.0021021041999999,0.0001401402799999,4836932,-2121369,11,13.32458974,1.21132634,0.0059597999999999,0.0005417999999999,1653,-859,Phishing
0x477b8d5ef7c2c42db84deb555419cd817c336b6f,1,5495,156903.9948828991,28.5539572125385,0.7028973854339885,0.0001279158117259,15974067,-16666894,4505,161610.1425361919,35.87350555742327,0.387348011217542,8.598180049224018e-05,16520672,-16385011,Exchange
0xd27f5994bc5d49a7af593a8b2fc3ee2f8c2fd296,0,1,1.35,1.35,2.1e-05,2.1e-05,0,0,7,1.351,0.193,0.009135,0.001305,0,0,Phishing
0x52005b77fbebf53cfd9527a388f58d0431aaaa3e,0,17,39.55273468486365,2.326631452050803,0.0111950999999999,0.0006585352941176,2349929,-5452493,24,39.56392978486365,1.648497074369319,0.0146979,0.0006124125,28,-2892,Phishing
0x2b5634c42055806a59e9107ed44d43c426e58258,1,7039,1032726.349537149,146.7149239291304,4.09346488824,0.0005815406859269,39050859,-38786172,3517,2788005.651009893,792.7226758629209,1.641968160189204,0.0004668661245917,25654697,-24046362,Exchange
0xb726da4fbdc3e4dbda97bb20998cf899b0e727e0,1,0,0.0,0.0,0.0,0.0,0,0,7436,23517.38285941038,3.162638899866915,10.38791431322235,0.0013969761045215,44832543,-44329053,Exchange
0x209c4784ab1e8183cf58ca33cb740efbf3fc18ef,1,0,0.0,0.0,0.0,0.0,0,0,10052,40723511.37551093,4051.284458367581,7.387871208424734,0.0007349653012758,82958625,-78040787,Exchange
0x0a73573cf2903d2d8305b1ecb9e9730186a312ae,1,9829,98.29000000001334,0.0100000000000013,2.084511890058649,0.0002120777179833,9496710,-4590167,183,416.68349011789,2.276958962392841,0.0231478127313719,0.0001264907799528,34274008,-34226103,Exchange
0xff72982d880dc180ce738ca2d40c4c849365a443,0,1,19.999916,19.999916,8.4e-05,8.4e-05,0,0,2,40.0,20.0,0.001722,0.000861,0,0,Phishing
0x88f8717a2b30041006e08e286af9f1e9671b5724,0,0,0.0,0.0,0.0,0.0,0,0,10,34.1783736,3.41783736,0.010458,0.0010458,303,0,Phishing
0x98a630280447461ab2156919b0941ebdeae5bc41,0,2,0.494034,0.247017,0.000966,0.000483,0,0,1,0.495,0.495,0.00063,0.00063,0,0,Phishing
0xdf1ec2e44a8b1774b068ecfc5ef1c937a86baf3e,0,0,0.0,0.0,0.0,0.0,0,0,140,123.3274809862026,0.8809105784728759,0.1121697990626879,0.0008012128504477,72615,-7565,Phishing
0x3bf351a62df57dce8512b136daa4cd6ebe2dda91,0,3,67.17827485000001,22.39275828333334,0.002583,0.000861,289,0,31,67.17985784999999,2.167092188709677,0.0350817854999999,0.0011316704999999,706085,-434093,Phishing
0x0a98fb70939162725ae66e626fe4b52cff62c2e5,1,7354,833936.2419399986,113.3989994479193,6.898617305999818,0.0009380768705466,7186766,-7465766,2851,675289.3094579459,236.8605084033482,2.433463200000019,0.0008535472465801,55532708,-12205175,Exchange
0xd20e4d854c71de2428e1268167753e4c7070ae68,0,0,0.0,0.0,0.0,0.0,0,0,9,14770.753,1641.194777777778,0.0030764855999999,0.0003418317333333,17909766,-6589183,ICO Wallets
0xbd8ef191caa1571e8ad4619ae894e07a75de0c35,1,3226,25015.40909644686,7.754311561204855,0.4114978318963389,0.0001275566744873,8090874,-6922157,3306,29619.10195724142,8.959195994325901,0.4220627493284493,0.0001276656834024,7120556,-7010687,Exchange
0xadb2b42f6bd96f5c65920b9ac88619dce4166f94,1,3129,179067.2824,57.22827817193993,2.820234448000061,0.0009013213320549,2299761,-2185702,3122,139829.3754210411,44.78839699584917,1.077193538530452,0.0003450331641673,31651555,-31486344,Exchange
0x73957709695e73fd175582105c44743cf0fb6f2f,1,9750,3530334.226463185,362.0855616885318,8.427281559399002,0.0008643365701947,34015747,-37025199,449,3122076.96,6953.400801781737,0.042151268011125,9.387810247466592e-05,26365160,-25828610,Exchange
0x60d0cc2ae15859f69bf74dadb8ae3bd58434976b,1,817,7351561.633799317,8998.239453854734,0.11641495532702,0.0001424907653941,27301051,-26272428,9313,4331970.109674992,465.1530236953712,1.532172881595984,0.000164519798303,32131683,-31985602,Exchange
0x61edcdf5bb737adffe5043706e7c5bb1f1a56eea,1,0,0.0,0.0,0.0,0.0,0,0,125,3842005.0,30736.04,0.0677879286693859,0.000542303429355,75333856,-64175836,Exchange
0xf5bec430576ff1b82e44ddb5a1c93f6f9d0884f3,1,5636,467732.1551531484,82.99009140403626,6.007986950000336,0.0010660019428673,54552919,-49522321,4553,463486.1210942254,101.7979620237701,4.786950000000331,0.001051383703053,53810399,-55007188,Exchange
0xd8a83b72377476d0a66683cde20a8aad0b628713,1,764,3128605.956247352,4095.033974145749,0.710848706999999,0.0009304302447643,46929897,-31317713,9596,1733923.567098511,180.6923267088903,2.754779999999994,0.0002870758649437,44141369,-45447979,Exchange
0x26ba821222ee3b7b77f83cf1411dc5105bf2e499,0,1,0.009139,0.009139,0.000861,0.000861,0,0,1,0.01,0.01,0.00021,0.00021,0,0,Phishing
0x58049616f5cd4b2ccd3654d7015d271a985ff2e7,0,4,2.48750879,0.6218771975,0.00191121,0.0004778025,1294298,-66661,5,2.495,0.499,0.002457,0.0004914,0,0,Phishing
0xfa4b5be3f2f84f56703c42eb22142744e95a2c58,1,3,604.688,201.5626666666667,0.001449,0.000483,0,0,28,708.08433428,25.28872622428572,0.0197546999999998,0.0007055249999999,17844424,-13433,Exchange
0x1bbeed1e4ad3c102a58129c65f4e04c4c67009af,0,14,19.72163932049567,1.408688522892548,0.009408,0.000672,1615517,0,12,19.72439234798093,1.643699362331744,0.008232,0.000686,0,-174000,Phishing
0xe55996c55e188fbcf95ed6ca96fa933171c05fa0,0,39,4.49814198,0.1153369738461538,0.018228,0.0004673846153846,0,0,4,11.29532325,2.8238308125,0.003339,0.00083475,0,0,Phishing
0xd7b9a9b2f665849c4071ad5af77d8c76aa30fb32,1,194,516004.6838407494,2659.817957942008,0.16464,0.0008486597938144,23837932,-22048243,9901,159535.4332992659,16.11306265016321,1.533873967840773,0.0001549211158308,24314569,-23782604,Exchange
0x5e032243d507c743b061ef021e2ec7fcc6d3ab89,1,4926,3233627.573875905,656.4408391952711,6.107339272911793,0.0012398171483783,27455828,-27994879,5391,4412558.430028359,818.5046243792169,6.671475185654047,0.0012375209025512,28481730,-25576169,Exchange
0x6f803466bcd17f44fa18975bf7c509ba64bf3825,1,0,0.0,0.0,0.0,0.0,0,0,8,94.15,11.76875,0.0119489999999999,0.0014936249999999,15907861,-7115339,Exchange
0xa7ce02b8195fe8e3116a7e1248f2725eaac86fec,0,3,26.05999981,8.686666603333334,0.005138246,0.0017127486666666,0,0,28,27.90057148,0.9964489814285712,0.0183553124999999,0.0006555468749999,4539504,-4522214,Phishing
0xf1c525a488a848b58b95d79da48c21ce434290f7,1,0,0.0,0.0,0.0,0.0,0,0,4,0.274298743743762,0.0685746859359405,0.00066276,0.00016569,0,0,Exchange
0xf66852bc122fd40bfecc63cd48217e88bda12109,1,7337,169234.9547850386,23.0659608538965,3.680812884799605,0.00050167819065,583809,-575949,2536,128366.3081719348,50.61762940533706,2.168787599999946,0.0008552001577286,1478617,-1483499,Exchange
0x015f17e2851ea392351b7f259e4cfd03dc443cef,0,0,0.0,0.0,0.0,0.0,0,0,1,0.00154,0.00154,0.000168,0.000168,0,0,Phishing
0x5e5d6f6706420f932d796c0f28a83b26dabcfd8d,0,0,0.0,0.0,0.0,0.0,0,0,16,35.188760018,2.199297501125,0.080506308,0.00503164425,778,0,Phishing
0x138152524e73b8af07d089b7deae581c7152beb3,0,7,3.388555707252922,0.4840793867504174,0.00238145355,0.00034020765,1043,0,6,3.390837160802923,0.5651395268004872,0.0021650455113629,0.0003608409185604,0,0,Phishing
0xb9b9b6aca1a0cf4ea4eb0ced466d66a62f8eb072,0,2,20.32105947287874,10.16052973643937,0.001722,0.000861,291,291,25,20.32278147287873,0.8129112589151495,0.0200625138,0.000802500552,4790,-290378,Phishing
0x17935dffbc228397d2f5a67061867804cecacae8,0,6,31.6879286370032,5.281321439500533,0.005166,0.0008609999999999,0,0,12,31.6930946370032,2.641091219750267,0.007644008,0.0006370006666666,126397,-111593,Phishing
0x43cf35aca5ac49ba8462fa02de96e9d469e9188c,0,15,116.23679649,7.749119766000001,0.0014751749999997,9.834499999998666e-05,4771185,-672704,68,112.85127599,1.659577588088235,0.1016342000000209,0.0014946205882356,1587650,0,Phishing
0x8d451ae5ee8f557a9ce7a9d7be8a8cb40002d5cb,1,0,0.0,0.0,0.0,0.0,0,0,2,15.23,7.615,0.0021798,0.0010899,2147824,2147824,Exchange
0x4df5f3610e2471095a130d7d934d551f3dde01ed,1,17,3.874208880071788,0.2278946400042228,0.004615486903629,0.0002714992296252,0,-59,53,109.75401081,2.070830392641509,0.0057478045030979,0.0001084491415678,323077,-322018,Exchange
0xb53e95a4b7c5e15a790df3a66709b2e9f1cf9e3f,0,7,13.633579384,1.947654197714286,0.0016275,0.0002325,0,0,13,14.4377673115,1.1105974855,0.0064384642,0.000495266476923,0,0,Phishing
0x68795c4aa09d6f4ed3e5deddf8c2ad3049a601da,0,9996,196873.6002716248,19.69523812241144,7.395167877401807,0.0007398127128253,26886461,-25983009,4,370.0,92.5,0.00256641,0.0006416025,13263451,-9064492,Mining
0xe2621777f2d10d2fc5cf2f7f48d680044f2e49a8,0,1,1.1,1.1,0.000861,0.000861,0,0,2,1.10891667,0.5544583350000001,0.00199512,0.00099756,0,0,Phishing
0xa96b536eef496e21f5432fd258b6f78cf3673f74,1,1545,7219.36870157639,4.67273055118213,0.1305905052713622,8.452459888114061e-05,18875436,-15038415,1884,7240.999160277595,3.843417813310825,0.3607366090051535,0.000191473783973,23057131,-14513422,Exchange
0xd79eb898431ea62636f08f738d10eb00446403de,0,1,18.73434608074032,18.73434608074032,0.00042,0.00042,0,0,25,18.73461608074032,0.7493846432296128,0.015372,0.00061488,20544,-21246,Phishing
0xeec606a66edb6f497662ea31b5eb1610da87ab5f,1,5730,4133763.328860017,721.4246647225161,5.827737424199888,0.0010170571420942,39395101,-39566086,5830,10152869.91332326,1741.487120638638,4.107560099999995,0.0007045557632933,51687243,-52845525,Exchange
0x4b1a99467a284cc690e3237bc69105956816f762,1,35,36622.0,1046.342857142857,0.0073573804553758,0.0002102108701535,16724890,-16695216,5345,57047.54505369391,10.67306736271168,0.9046214353695368,0.0001692462928661,27125871,-25882794,Exchange
0x94597850916a49b3b152ee374e97260b99249f5b,1,9,15.9778921181,1.775321346455556,0.0021115026,0.0002346114,1447672,-2951470,2,51.262,25.631,0.000504,0.000252,0,0,Exchange
0x2bb97b6cf6ffe53576032c11711d59bd056830ee,1,5383,85117.50119578996,15.81227962024707,1.148620022623424,0.0002133791608068,13605179,-13976598,4629,95843.4419105974,20.70499933259827,0.9978510897571764,0.0002155651522482,13930016,-13620490,Exchange
0x324cc2c9fb379ea7a0d1c0862c3b48ca28d174a4,1,2235,22.35000000000059,0.0100000000000002,0.7699778632269971,0.0003445091110635,26154585,-6401849,31,27.60717729477276,0.8905541062829924,0.0125274013749149,0.0004041097217714,53062721,-35385310,Exchange
0x742d35cc6634c0532925a3b844bc454e4438f44e,1,186,10988000.55,59075.27177419356,0.1425899999999998,0.0007666129032258,33339468,-33525679,5588,13307825.62010525,2381.500647835585,2.525549113290618,0.0004519593975108,35492431,-35486712,Exchange
0x1e67f055367bcbce045e1211f09355eb7411236f,0,1,3.17979,3.17979,0.00021,0.00021,0,0,3,3.18,1.06,0.001302,0.000434,0,0,Phishing
0xadb72986ead16bdbc99208086bd431c1aa38938e,1,0,0.0,0.0,0.0,0.0,0,0,1,0.25,0.25,0.00021,0.00021,0,0,Exchange
0xdc76cd25977e0a5ae17155770273ad58648900d3,1,31,446003.26,14387.20193548387,0.0415333333330439,0.0013397849462272,17440328,-29059490,130,1479838.96029,11383.37661761539,0.0984122999999998,0.0007570176923076,17035123,-16906446,Exchange
0x11e63fa9256c37d100b6786569663b116480f92a,0,36,14446.22600738954,401.2840557608207,0.00294,8.166666666666667e-05,12539305,-9413497,32,28074.751617,877.33598803125,0.0177983399999998,0.0005561981249999,1878288,-1925076,ICO Wallets
0xd0d68941509f4231c88e4c204df6bdca05cc6506,0,91,15.1273862421225,0.1662350136496977,0.1373399999999998,0.0015092307692307,1661688,-122,71,13.5751141430476,0.1911987907471493,0.09261,0.001304366197183,830575,-710365,Phishing
0x0068eb681ec52dbd9944517d785727310b494575,1,55,1935.758170648366,35.19560310269756,0.0483931155000418,0.0008798748272734,21174719,-16182923,17,1345.92558819,79.17209342294119,0.00598514,0.0003520670588235,1892348,-10277931,Exchange
0x1b29dd8ff0eb3240238bf97cafd6edea05d5ba82,1,0,0.0,0.0,0.0,0.0,0,0,2,185303.171053,92651.5855265,0.0005482044,0.0002741022,0,0,Exchange
0x4eb1d2050017cf862939340c017a31aa2d59d8d8,0,3,11.88015891,3.96005297,0.002583,0.000861,0,0,6,11.883085567,1.980514261166666,0.000982275,0.0001637125,0,0,Phishing
0x035a401972f228b58dcae76bf318b54ed036d680,0,0,0.0,0.0,0.0,0.0,0,0,2,52.495,26.2475,0.001508974,0.000754487,0,0,ICO Wallets
0x03e3ff995863828554282e80870b489cc31dc8bc,1,59,5.529972399999997,0.0937283457627118,0.0075299863030978,0.0001276268864931,5183902,-4737830,60,7.895562142785544,0.131592702379759,0.0067769905630559,0.0001129498427175,7227726,-7230088,Exchange
0xbfdf5f7ac2962b334ec2833ddd9ff30961b58a36,0,1,7.26575089,7.26575089,0.000861,0.000861,0,0,2,7.26661189,3.633305945,0.001302,0.000651,0,0,Phishing
0xb2172027cb233198a3945a2c864f1ec5b7e3b3da,0,7,1.195573,0.1707961428571428,0.0060269999999999,0.0008609999999999,0,0,6,1.2006,0.2001,0.004767,0.0007945,0,0,Phishing
0xa910f92acdaf488fa6ef02174fb86208ad7722ba,1,0,0.0,0.0,0.0,0.0,0,0,2,102.0,51.0,0.0015099,0.00075495,0,0,Exchange
0x6262998ced04146fa42253a5c0af90ca02dfd2a3,1,19,7620.0,401.0526315789473,0.0046666199999999,0.0002456115789473,6841903,-5646441,4557,28433.01989405899,6.239416259394116,0.7312720309114592,0.0001604722472923,7691165,-7642368,Exchange
0xe7d60131d3773a8cdf75162c2cb8be459600d9b2,0,4,0.045155544,0.011288886,0.000418551,0.00010463775,0,0,24,0.2673928960375,0.0111413706682291,0.0028497,0.0001187375,2058161,0,Phishing
0x6795cf8eb25585eadc356ae32ac6641016c550f2,1,0,0.0,0.0,0.0,0.0,0,0,3,27.22,9.073333333333332,0.0032697,0.0010899,11671097,2147824,Exchange
0xce1bf8e51f8b39e51c6184e059786d1c0eaf360f,1,128,193238.0,1509.671875,0.0580422958375678,0.0004534554362309,22359917,-23472697,7639,103733.2197872888,13.57942398053264,8.019840419340929,0.0010498547479173,15336713,-15373815,Exchange
0x33683b94334eebc9bd3ea85ddbda4a86fb461405,1,310,476090.225,1535.774919354839,0.057261870710667,0.0001847157119698,22040135,-23071334,9710,510399.4242569862,52.56430733851557,4.096873200000275,0.0004219230895983,14930905,-14155689,Exchange
0xf0c80fb9fb22bef8269cb6feb9a51130288a671f,1,1003,213.6810018037081,0.2130418761751825,0.2138689086455835,0.0002132292209826,21655153,-20923175,783,197.4594717045628,0.2521832333391606,0.0785883992398437,0.0001003683259768,22656303,-21872942,Exchange
0x33f74739ce6be3b2c38af76f5adb3866cb4784c4,0,18,639.05736748,35.50318708222223,0.00798,0.0004433333333333,0,0,101,501.5937353187589,4.966274607116425,0.0483209999999999,0.0004784257425742,44201,0,Phishing
0x9fb01a2584aac5aae3fab1ed25f86c5269b32999,1,468,2107.980299189999,4.504231408525638,0.0992467915725297,0.0002120657939583,22023166,-20394590,313,2117.824139720999,6.766211309012778,0.0630781187784091,0.0002015275360332,9001215,-21958457,Exchange
0xaeec6f5aca72f3a005af1b3420ab8c8c7009bac8,1,9462,508527.0812907965,53.74414302375781,8.823939192147643,0.0009325659683098,43782238,-42070025,576,863268.3084552303,1498.729702179219,0.3788718581033599,0.0006577636425405,45744800,-34459923,Exchange
0x72bcfa6932feacd91cb2ea44b0731ed8ae04d0d3,1,4951,449723.692381412,90.83492069913392,5.9185979999997,0.001195434861644,25530246,-24437861,5085,493833.7379487617,97.1157793409561,6.222635999999762,0.0012237238938052,28491240,-28334624,Exchange
0x4ee78087a5cab2a24c49edcdc3d6bf61045d2a53,0,1,1.61667632,1.61667632,0.000861,0.000861,0,0,4,1.61753732,0.40438433,0.00302925,0.0007573125,0,0,Phishing
0x3c924cbbd8ffb34b3da99c1501afb9bb3cf5e4f4,0,1,7.406737617068034,7.406737617068034,0.00105,0.00105,0,0,16,7.407787617068035,0.4629867260667522,0.006258,0.000391125,0,0,Phishing
0x57aa0ca8ddc99096d150f0dd1e1bd50616d809c8,0,2,1.17661037,0.588305185,0.00084,0.00042,40470,40470,3,1.17745037,0.3924834566666667,0.001449,0.000483,0,0,Phishing
0xcbf99a459b71aa633ff40eb14db95e0618c64b26,0,9,0.36,0.04,0.0077489999999999,0.0008609999999999,466,-58197,6,1.343284,0.2238806666666666,0.003677625,0.0006129375,1054,-1105,Phishing
0x5baeac0a0417a05733884852aa068b706967e790,1,5024,212063.110802578,42.21001409286983,6.156472341717348,0.0012254124883991,38968889,-37047201,5151,238997.8151309439,46.39833335875439,3.308388935644865,0.0006422809038332,41987626,-42497079,Exchange
0x73f8fc2e74302eb2efda125a326655acf0dc2d1b,1,2280,174131.7456436702,76.37357265073256,2.048979761200004,0.0008986753338596,1894932,-1735086,2586,122303.4710420841,47.29445902632795,2.531825099999934,0.0009790506960556,1477704,-1528011,Exchange
0x46340b20830761efd32832a74d7169b29feb9758,1,9949,29091.68317022201,2.924081130789227,3.278184237100044,0.0003294988679364,15697107,-14162293,74,23156.45225754,312.9250305072973,0.0433696199999997,0.0005860759459459,15984463,-15197172,Exchange
0x75e89d5979e4f6fba9f97c104c2f0afb3f1dcb88,1,6051,237673.0526816748,39.2783098135308,1.138453930348748,0.0001881431053294,28220146,-23881451,4290,423082.4028423917,98.62060672316824,0.8142127059666945,0.000189793171554,23534590,-24822208,Exchange
0x25f46306aaa6762b2242d4e8aa2ba851cd24ff72,0,0,0.0,0.0,0.0,0.0,0,0,3,15.9999769,5.333325633333334,0.0009681,0.0003227,0,0,Phishing
0x7a56f645dcb513d0326cbaa048e9106ff6d4cd5f,1,5392,6542.884781719989,1.213443023316022,0.9045257624848484,0.0001677532942293,25663818,-24895264,4615,6689.942890973434,1.449608427079834,0.6802949999999613,0.0001474095341278,22653135,-22652986,Exchange
0xb294b24d67a4ee18098e80e9efb9d47394a65993,0,10,3.468175982762451,0.346817598276245,0.004788,0.0004788,1455006,-1555822,4,3.47801834,0.8695045849999999,0.001932,0.000483,8722116,0,Phishing
0x18365a89e092ccc31d2a49ab5cb697564ec81bcf,0,2,2.796438,1.398219,0.001722,0.000861,0,0,30,2.234020000000001,0.0744673333333333,0.008735934375,0.0002911978125,377565,-336726,Phishing
0xb836fa488f5ba9e49b0abeb807d10c1b13078045,0,8,470.3716992041407,58.79646240051758,0.003528,0.000441,0,0,130,453.5191861133785,3.488609123949065,0.0573089999999998,0.0004408384615384,747,-37344,Phishing
0x4591a15b39dcc417b78563a870e4973645650938,0,11,6696.0,608.7272727272727,0.0071819999999999,0.000652909090909,351,-427,2,13393.8,6696.900000000001,0.001722,0.000861,0,0,Phishing
0xbe0eb53f46cd790cd13851d5eff43d12404d33e8,1,8,1776889.758,222111.21975,0.002352,0.000294,8375180,0,8,1977777.7049781,247222.2131222625,0.0034739700092159,0.0004342462511519,409,-409,Exchange
0xdcd0272462140d0a3ced6c4bf970c7641f08cd2c,1,0,0.0,0.0,0.0,0.0,0,0,2,248775.682512,124387.841256,0.0005482044,0.0002741022,0,0,Exchange
0x6cc5f688a315f3dc28a7781717a9a798a59fda7b,1,5377,8518537.192728426,1584.254638781556,4.028240256292079,0.0007491612899929,33860492,-32074694,4679,8851909.792310465,1891.837955184968,3.547440739500076,0.000758162158474,36299567,-36281529,Exchange
0x1062a747393198f70f71ec65a582423dba7e5ab3,1,63,83969.938,1332.856158730158,0.0335369999999998,0.0005323333333333,1319005,-1206568,4007,42502.13155492205,10.60697069002297,1.054546237499995,0.0002631760013725,35424461,-42230207,Exchange
0x496475689b5edaca4eac372299711bd8b58e58ff,0,0,0.0,0.0,0.0,0.0,0,0,1,0.11071949,0.11071949,0.000147,0.000147,0,0,Phishing
0xeed16856d551569d134530ee3967ec79995e2051,1,8092,207079.5746104024,25.59065430182926,5.917359384221967,0.0007312604281045,52377594,-41078748,3340,1326430.336128521,397.1348311762038,2.493019842915722,0.0007464131266214,61407908,-59845867,Exchange
0xcac725bef4f114f728cbcfd744a731c2a463c3fc,1,8624,361265.0085178594,41.8906549765607,8.443078470000087,0.0009790211583951,2821430,-2123239,1630,617504.4409277037,378.8370803237447,1.627814999999996,0.0009986595092024,1495160,-1919981,Exchange
0xc6cde7c39eb2f0f0095f41570af89efc2c1ea828,1,0,0.0,0.0,0.0,0.0,0,0,2,0.2,0.1,0.0013833,0.00069165,68,68,Exchange
0xd1b3f1117928981ef6f42139f575ee34784b016b,0,1,7.7684606,7.7684606,0.000861,0.000861,0,0,6,7.7693216,1.294886933333333,0.0002377199999999,3.962e-05,0,0,Phishing
0x24ecad110119e2c763f1afc7f4e5dd159238d143,0,32,10.140264805526,0.3168832751726876,0.0076746148939739,0.0002398317154366,15021460,-18227105,27,9.87954355705087,0.3659090206315137,0.010196445,0.0003776461111111,15147998,-14419802,Phishing
0x521db06bf657ed1d6c98553a70319a8ddbac75a3,1,4798,17846.67690999621,3.719607526051731,3.257676547250193,0.0006789655163089,35198376,-25595944,5203,18514.441987324,3.558416680246781,5.717136705496956,0.0010988154344603,57632080,-34921245,Exchange
0x3613ef1125a078ef96ffc898c4ec28d73c5b8c52,1,5364,131403.9194195059,24.49737498499364,1.742351079242141,0.0003248230945641,35820428,-34226103,4684,130968.7315380193,27.96087351366766,1.165143738872003,0.0002487497307583,44520092,-45706356,Exchange
0x345d8e3a1f62ee6b1d483890976fd66168e390f2,1,21,47413.6605091,2257.79335757619,0.00882,0.0004199999999999,28323036,-23057596,17,20983.7606,1234.33885882353,0.00808512,0.0004755952941176,31362830,0,Exchange
0xaa9fa73dfe17ecaa2c89b39f0bb2779613c5fc3b,1,0,0.0,0.0,0.0,0.0,0,0,5,51.55,10.31,0.0057246,0.00114492,12746337,-5408935,Exchange
0x9849424a2f3516b70b56d70330c45c25dccb2c02,0,6,26.48098144489739,4.413496907482899,0.004788,0.000798,1585,0,14,26.4857694448974,1.891840674635528,0.011802105,0.0008430075,0,0,Phishing
0xa125929ba78213a27d8695b276f55d6aba567b01,0,5,1.92460155815065,0.3849203116301299,0.005103,0.0010206,0,0,15,2.00068927415065,0.1333792849433766,0.02163,0.001442,0,0,Phishing
0x1efd1b1ee8174b5421786ef0127ea45076307d8d,0,1,25.81359262,25.81359262,0.000861,0.000861,0,0,14,25.81445362,1.843889544285714,0.0138224099999999,0.000987315,188538,0,Phishing
0xdf4b6fb700c428476bd3c02e6fa83e110741145b,1,7188,156795.97388392,21.81357455257652,0.9003822102152952,0.0001252618545096,11228061,-11925077,212,305342.099915,1440.292924127359,0.019644818504824,9.266423823030188e-05,11749507,-11719694,Exchange
0xb4cd0386d2db86f30c1a11c2b8c4f4185c1dade9,1,2,0.2,0.1,0.0013902,0.0006951,0,0,5,1020002.0,204000.4,0.0034755,0.0006951,0,0,Exchange
0x36b01066b7fa4a0fdb2968ea0256c848e9135674,1,3,0.014342,0.0047806666666666,0.0022640099999789,0.0007546699999929,36906,-343,19,295.46,15.55052631578948,0.0168315696627119,0.0008858720875111,39459587,-24764213,Exchange
0xb9ee1e551f538a464e8f8c41e9904498505b49b0,1,5229,584829.3941827628,111.8434488779428,8.177950675886594,0.0015639607335793,30102569,-30041659,4801,566611.1888879007,118.0194103078318,7.338862273759988,0.0015286111797042,30797688,-41725409,Exchange
0x6f48a3e70f0251d1e83a989e62aaa2281a6d5380,1,1095,1657561.43811299,1513.754738002731,1.4061306,0.0012841375342465,33537026,-34565155,9168,1201190.34821477,131.0198896394819,3.005393999999989,0.0003278134816753,41040152,-40997069,Exchange
0xfbf6f29c126382cf15795bb209ee506a174cc709,0,2,683.705509167,341.8527545835,0.000882,0.000441,0,0,41,683.7081000000001,16.67580731707317,0.030420095372898,0.0007419535456804,0,0,Phishing
0x3f2cf669c657316985b01b1b797cb259c97d6551,0,1,10.804977065,10.804977065,0.000861,0.000861,0,0,11,10.806043065,0.9823675513636364,0.0112139999999999,0.0010194545454545,59352,0,Phishing
0xc0e30823e5e628df8bc9bf2636a347e1512f0ecb,1,0,0.0,0.0,0.0,0.0,0,0,2,15.08,7.54,0.0021798,0.0010899,3469131,3469131,Exchange
0x114701b81305ed1f67dbdd33e077b56c0a06171a,0,0,0.0,0.0,0.0,0.0,0,0,1,2.157341835522424,2.157341835522424,0.002079,0.002079,0,0,Phishing
0xf6884686a999f5ae6c1af03db92bab9c6d7dc8de,0,9,3385.024265346965,376.1138072607739,0.018669,0.0020743333333333,5576,-5576,8,17894.0,2236.75,0.01407,0.00175875,2222269,-510386,Phishing
0x960cf466795efc2d47cd37ad01bb43bfaaae3618,0,1,0.5,0.5,0.00042,0.00042,0,0,2,0.505,0.2525,0.00099435,0.000497175,0,0,Phishing
0xe853c56864a2ebe4576a807d26fdc4a0ada51919,1,112,16020298.30686994,143038.3777399101,0.0623955475980558,0.000557103103554,44114321,-41097772,3,0.14690033,0.0489667766666666,0.002121,0.000707,0,0,Exchange
0x35bf085175dc3e3f750bffa53711fb4acdbf2aed,0,0,0.0,0.0,0.0,0.0,0,0,1,1.0,1.0,0.000945,0.000945,0,0,Phishing
0x3f7e77b627676763997344a1ad71acb765fc8ac5,1,0,0.0,0.0,0.0,0.0,0,0,2,150852.655292,75426.327646,0.00042008,0.00021004,0,0,Exchange
0x4a8d9b64ee9c7e058fe9c8cbf96375b02da006e2,0,7,1.744,0.2491428571428571,0.007671018,0.0010958597142857,268795,-193665,15,1.755767548,0.1170511698666666,0.0087474096197839,0.0005831606413189,1335,-42199,Phishing
0xc839ee5542b4e8413246b3634c5c739fea949562,0,805,193.696525764708,0.2406168021921837,0.8453191723747441,0.0010500859284158,1523652,-1497889,43,7.52822,0.1750748837209302,0.0451499999999998,0.0010499999999999,508195,-14095,Mining
0xfb9f7f41319157ac5c5dccae308a63a4337ad5d9,1,4341,333162.7383281326,76.74792405623879,1.578132832487798,0.0003635413113309,44499571,-50719398,5664,335723.874379416,59.27328290597034,2.465667736231793,0.0004353226935437,58339720,-55655669,Exchange
0x1e21312d1e05a13a7d4af51fff776b93d5324111,0,2,1.01196,0.50598,0.00252,0.00126,0,0,7,3.95610575,0.5651579642857143,0.0039795,0.0005685,0,0,Phishing
0x1522900b6dafac587d499a862861c0869be6e428,1,0,0.0,0.0,0.0,0.0,0,0,48,503026.0178538,10479.7087052875,0.0374370794,0.0007799391541666,41320378,-42756307,Exchange
0xf3b9d2c81f2b24b0fa0acaaa865b7d9ced5fc2fb,0,44,606072.1623533675,13774.3673262129,0.021373942509174,0.000485771420663,14648919,-14656861,237,25643.66796475498,108.2011306529746,0.1064673020081058,0.000449229122397,23740303,-30837781,Mining
0x7aa266963882f13eb0ab5920e16afef2f26cda8f,0,1,0.09,0.09,0.000147,0.000147,0,0,1,0.1,0.1,0.00042,0.00042,0,0,Phishing
0xd3273eba07248020bf98a8b560ec1576a612102f,1,8339,189222.6057104573,22.69128261307798,4.719033178631463,0.0005658991700001,44764248,-28471350,3019,1219843.85399,404.0555992017225,2.109009813983695,0.0006985789380535,58801868,-55489132,Exchange
0x18916e1a2933cb349145a280473a5de8eb6630cb,1,11299,111.9390849999975,0.0099069904416317,6.713099400000242,0.0005941321709886,34648724,-34334339,17,854.4,50.25882352941176,0.0213192,0.0012540705882352,28956307,-11738080,Exchange
0x700f6912e5753e91ea3fae877a2374a2db1245d7,1,10,23756.4,2375.64,0.004394777,0.0004394777,3119818,-3119818,1,50.0,50.0,0.00042,0.00042,0,0,Exchange
0xab83d182f3485cf1d6ccdd34c7cfef95b4c08da4,1,3127,16645.142,5.323038695235049,4.643046288750007,0.0014848245247041,29456753,-42081534,3320,20355.90033326282,6.131295281103259,4.884043500000053,0.001471097439759,43787230,-40264341,Exchange
0x443f933362d9472ac8fb9d1c4a8ead512881630d,0,3,5.543712,1.847904,0.004389,0.001463,0,0,6,7.592201999999999,1.265367,0.00315,0.000525,0,0,Phishing
0xf19c11540e012227466a59cade5f7fcf8dc1d1d1,0,2,19.83406,9.91703,0.004158,0.002079,0,0,4,19.83821838623303,4.959554596558257,0.0029798999999999,0.0007449749999999,0,0,Phishing
0xb794f5ea0ba39494ce839613fffba74279579268,1,352,36864799.0,104729.5426136364,0.5158824440156999,0.0014655751250446,29896014,-38227071,339,44189097.57788708,130351.3202887524,0.3329108100668067,0.0009820377878076,50665449,-50122625,Exchange
0x48d466b7c0d32b61e8a82cd2bcf060f7c3f966df,1,1,0.009342,0.009342,8.4e-05,8.4e-05,0,0,8,255.01,31.87625,0.0070196280948359,0.0008774535118544,12791877,-26519160,Exchange
0x6fc82a5fe25a5cdb58bc74600a40a69c065263f8,1,0,0.0,0.0,0.0,0.0,0,0,10001,22957752.12650438,2295.54565808463,7.179095223480485,0.0007178377385741,71909299,-85103756,Exchange
0x7dfe9a368b6cf0c0309b763bb8d16da326e8f46e,1,6,14777.009460698,2462.834910116333,0.00252,0.00042,8638407,-6066132,5,4776.999,955.3998,0.0006237,0.00012474,1881366,-2572931,Exchange
0x90e9ddd9d8d5ae4e3763d0cf856c97594dea7325,1,8081,152818.8816787197,18.91088747416405,8.328065235999944,0.001030573596832,55532708,-1949196,2006,199326.832547656,99.36532031288937,2.042422200000001,0.0010181566301096,10347104,-10118596,Exchange
0xead6be34ce315940264519f250d8160f369fa5cd,1,0,0.0,0.0,0.0,0.0,0,0,19,408.481,21.499,0.0173942999999999,0.0009154894736842,36413566,-26851946,Exchange
0x9e6316f44baeeee5d41a1070516cc5fa47baf227,1,5723,1415964.172097551,247.4164200764549,2.628530774658111,0.0004592924645567,15097760,-12358587,4409,1777344.693095024,403.1174173497445,1.925023003925473,0.000436612157842,15539367,-14703690,Exchange
0x7f83403bad5dfd150c10722977274a4a2bf05870,0,1,18.75238945,18.75238945,0.002079,0.002079,0,0,3,18.75446845,6.251489483333334,0.0017472,0.0005824,0,0,Phishing
0x794d28ac31bcb136294761a556b68d2634094153,1,89,79328.98999999999,891.3369662921348,0.0880739999999999,0.0009895955056179,1495160,-1043936,2421,41484.87839382211,17.13543097638253,2.402189999999947,0.0009922304832713,1558320,-1144126,Exchange
0xab5c66752a9e8167967685f1450532fb96d5d24f,1,8879,270054.0788790001,30.41492047291363,3.77042970000021,0.0004246457596576,1688054,-1571478,1430,386456.3048382169,270.2491642225293,0.5939319265625732,0.0004153370115822,38648088,-41025161,Exchange
0x9113b3349842ccddbe0916b2e6d20e94983fd971,0,1,15.66066549,15.66066549,0.000861,0.000861,0,0,9,15.67066549,1.741185054444444,0.004788209999979,0.000532023333331,0,0,Phishing
0x6b2fc9d801dd33dcee1adaa9c858cd07befe1cda,0,1,1.069517,1.069517,0.000483,0.000483,0,0,2,1.07,0.535,0.000462,0.000231,400,400,Phishing
0x66f820a414680b5bcda5eeca5dea238543f42054,1,4,0.063937,0.01598425,0.000252,6.3e-05,1094,-7083094,10,2250001.677510981,225000.1677510981,0.0101219999999999,0.0010121999999999,6648639,-6822379,Exchange
0x1daa4f77ce217bdc80ab7eb7fdd9c95f9d57388c,0,5,15.57528167,3.115056334,0.000651,0.0001302,0,0,2,15.5764028,7.7882014,0.00147,0.000735,0,0,Phishing
0x58c2cb4a6bee98c309215d0d2a38d7f8aa71211c,1,166,138525.50388351,834.4909872500604,0.1610574,0.0009702253012048,801537,-800622,2210,70711.50372828775,31.99615553316188,2.154927599999964,0.0009750803619909,1540218,-1390708,Exchange
0x4fdd5eb2fb260149a3903859043e962ab89d8ed4,1,0,0.0,0.0,0.0,0.0,0,0,23,100116.8659234572,4352.907214063355,0.009694118032179,0.0004214833927034,317,0,Exchange
0x4a232983530cc4b1d845cf83c0d98f07f5884890,0,1,1.887753,1.887753,8.4e-05,8.4e-05,0,0,2,3.775674,1.887837,0.000168,8.4e-05,0,0,Phishing
0xe8a0e282e6a3e8023465accd47fae39dd5db010b,1,7323,28973.23997840014,3.956471388556622,9.29463187000053,0.0012692382725659,13131279,-12839703,2670,24904.58578744991,9.327560220018691,3.364220999999905,0.0012600078651685,12587006,-12783474,Exchange
0x6b71834d65c5c4d8ed158d54b47e6ea4ff4e5437,1,0,0.0,0.0,0.0,0.0,0,0,1,14.99,14.99,0.0010899,0.0010899,0,0,Exchange
0x91043168cf5c256df824038f1b7200eb7a5ab90c,0,1,91.16395356115586,91.16395356115586,0.000483,0.000483,0,0,6,91.16443656115588,15.19407276019264,0.002898,0.000483,0,0,Phishing
0xda9c7d72d902db64b42b663358c47559be293f80,0,1,0.499517,0.499517,0.000483,0.000483,0,0,1,0.5,0.5,0.00126,0.00126,0,0,Phishing
0x49517ca7b7a50f592886d4c74175f4c07d460a70,1,0,0.0,0.0,0.0,0.0,0,0,2,0.02,0.01,0.0009702,0.0004851,0,0,Exchange
0x7891b20c690605f4e370d6944c8a5dbfac5a451c,1,65,20650.789,317.7044461538462,0.079901301903003,0.0012292507985077,19073310,-20043976,2094,30163.07452711392,14.40452460702671,0.8667151103112525,0.0004139040641409,35021014,-32607968,Exchange
0x7083c1bb9a6d9c73cb9b3c200e992e43ff103462,0,2,35.9208436,17.9604218,0.001722,0.000861,0,0,28,35.9225656,1.282948771428571,0.01775011875,0.0006339328125,369685,-163059,Phishing
0x96fc4553a00c117c5b0bed950dd625d1c16dc894,1,5109,1387090.402301695,271.4993936781552,2.539912259556947,0.0004971446975057,38771403,-46859462,5174,1519270.874764164,293.635654187121,2.845896614179211,0.0005500380004211,91031451,-64718465,Exchange
0x273730ff234b4bd238ce9751bedda309a946d6a6,0,2,1.09780702,0.5489035099999999,0.000966,0.000483,0,0,2,1.099,0.5495,0.000609,0.0003045,0,0,Phishing
0x1691b2f9986598e12c57aba5be50ebd5346247e0,0,2,10.506898,5.253449,0.001722,0.000861,0,0,8,10.50862,1.3135775,0.0044415,0.0005551875,0,0,Phishing
0x2faf487a4414fe77e2327f0bf4ae2a264a776ad2,1,53,1.36,0.0256603773584905,0.039874799999979,0.0007523547169807,1789347,-6200584,2,2.0,1.0,0.000966,0.000483,0,0,Exchange
0x91459992bcbf089851abffa033559c2eef120469,0,7,25.64613331238914,3.663733330341306,0.0060269999999999,0.0008609999999999,3046,0,31,25.65178597756915,0.8274769670183596,0.042840209999979,0.0013819422580638,107102,-172976,Phishing
0x096c39ab4fa36ca74a36fe1f4767ff487762f0aa,0,2,42.2732148,21.1366074,0.001722,0.000861,0,0,29,21.1368684,0.7288575310344827,0.0152598623905919,0.0005262021513997,510305,-542707,Phishing
0x9a95f2ca24d1dcb01048e0623f63f9d174237deb,0,1,14.999559,14.999559,0.000441,0.000441,0,0,1,15.0,15.0,0.000525,0.000525,0,0,Phishing
0xc4bd211e5b92235e6426113cd735b74bc4335d08,0,2,38.76000000000001,19.38,0.002814,0.001407,0,0,20,38.87730493339529,1.943865246669765,0.014952,0.0007476,0,0,Phishing
0x57dcf20135b0cb9d167e8ebfe13b84bfd67645ed,0,0,0.0,0.0,0.0,0.0,0,0,11,9.61679,0.8742536363636364,0.006364789543854,0.0005786172312594,0,0,Phishing
0x8958618332df62af93053cb9c535e26462c959b0,1,5657,136118.3283267602,24.06192828827296,2.830316220635245,0.0005003210572096,42925361,-43638175,4348,116097.0213437914,26.70124685919765,1.974546043978862,0.0004541274250181,44259410,-42577098,Exchange
0x46f136cb5eab40f02282aaa7b4b0ccb79e71c523,0,0,0.0,0.0,0.0,0.0,0,0,1,0.1,0.1,0.00042,0.00042,0,0,Phishing
0x3bfc20f0b9afcace800d73d2191166ff16540258,0,0,0.0,0.0,0.0,0.0,0,0,62,127896.298089084,2062.843517565871,0.0319535634765788,0.0005153800560738,2797,-949267,ICO Wallets
0x9e50031deb1f02d58abb9b4fa87a8ea99636b411,0,22,4.684258299999999,0.2129208318181817,0.0033389999999999,0.0001517727272727,70105,-133538,105,4.687913259999998,0.0446467929523809,0.0346807125,0.0003302925,24370,0,Phishing
0xaa90b4aae74cee41e004bc45e45a427406c4dcae,1,325,515430.0347429204,1585.938568439755,0.1521659999999998,0.000468203076923,27985808,-25881365,9836,259281.2224267143,26.36043334960496,1.685430058960059,0.0001713531983489,21103649,-26429189,Exchange
0xc4660944a7a823d44e5e13ed17ad7e21346c5c9e,0,1,5.998971,5.998971,0.000861,0.000861,0,0,3,5.999832,1.999944,0.000525,0.000175,0,0,Phishing
0x2984581ece53a4390d1f568673cf693139c97049,1,9594,205.5825361906585,0.0214282401699664,5.779413453483263,0.0006023987339465,49139376,-30930245,413,1139.817870436479,2.759849565221498,0.2093799660600055,0.0005069732834382,24576245,-19429935,Exchange
0xf0e28a5485abe4ac9ea2fd7259f2f3f1366f950e,0,2,1.86787676,0.93393838,0.000987,0.0004935,0,0,2,1.86886376,0.93443188,0.001386,0.000693,0,0,Phishing
0xc098b2a3aa256d2140208c3de6543aaef5cd3a94,1,3,412.05,137.35,0.001386,0.000462,0,0,4,487.46695775,121.8667394375,0.0036119999999999,0.0009029999999999,286084,0,Exchange
0x3f5ce5fbfe3e9af3971dd833d26ba9b5c936f0be,1,7902,78743627.74071364,9965.025024134857,8.129111345956115,0.0010287409954386,44952923,-44923155,6689,15652171.23828056,2339.986730195928,2.912969573020795,0.0004354865559905,51467027,-51188184,Exchange
0x7e416acb49c0b0d928bada074bf6597d80740bc2,0,8,42.22,5.2775,0.003528,0.000441,0,-169025,32,42.37582940130232,1.324244668790698,0.0173714,0.00054285625,68440,-130885,Phishing
0x30a2ebf10f34c6c4874b0bdd5740690fd2f3b70c,1,0,0.0,0.0,0.0,0.0,0,0,2,177314.249174,88657.124587,0.00042008,0.00021004,0,0,Exchange
0xfd648cc72f1b4e71cbdda7a0a91fe34d32abd656,1,223,1417.886681079456,6.358236238024466,0.0255655019274236,0.000114643506401,5691946,-4943281,0,0.0,0.0,0.0,0.0,0,0,Exchange
0x6f31d347457962c9811ff953742870ef5a755de3,1,8,4000.0,500.0,0.02184,0.00273,142221,-142221,4,2011.1,502.775,0.01092,0.00273,2859715,0,Exchange
0x5a504295ab80cca776afdc6db4f493e7c6fa8211,0,1,3.758902,3.758902,0.000861,0.000861,0,0,6,3.759763,0.6266271666666666,0.0047691,0.00079485,0,0,Phishing
0xe477292f1b3268687a29376116b0ed27a9c76170,0,0,0.0,0.0,0.0,0.0,0,0,2213,6051.957199096471,2.734729868547885,2.450387263525074,0.0011072694367487,2780692,-2785253,ICO Wallets
0x9c67e141c0472115aa1b98bd0088418be68fd249,1,5353,589978.8853837859,110.2146245813163,4.822049300013174,0.0009008124976673,38062157,-36900211,4836,499772.171461674,103.344121476773,5.295086308380035,0.0010949309984243,36567058,-36883982,Exchange
0x89f4d39667aa080502c517b613a6c92786aa14bd,0,2,0.248278,0.124139,0.001722,0.000861,0,0,1,0.25,0.25,0.00147,0.00147,0,0,Phishing
0x229b5c097f9b35009ca1321ad2034d4b3d5070f6,1,1,0.5,0.5,0.002333333333331,0.002333333333331,0,0,45,837208.645,18604.63655555556,0.0576155999999999,0.0012803466666666,9757716,-969589,Exchange
0x243bec9256c9a3469da22103891465b47583d9f1,1,5085,176787.4530263396,34.76646077214152,2.809529018221576,0.0005525130812628,51406476,-47155720,4947,169981.5797119002,34.36053764137866,2.106466418737228,0.0004258068362112,52366602,-54401583,Exchange
0xe03c23519e18d64f144d2800e30e81b0065c48b5,1,8087,142833.6393647919,17.66212926484381,3.561866365999917,0.0004404434729813,47570493,-47405947,1971,308792.5202463409,156.6679453304621,0.8540663664299706,0.0004333162691171,55833696,-54459225,Exchange
0xe03c6fdd69e268a00cc93fa282fb3ce82afc8b12,0,1,21.518500899,21.518500899,0.000861,0.000861,0,0,17,21.019361899,1.236433052882353,0.010605,0.0006238235294117,23751,-28411,Phishing
0xda1cc010259496d407a764c381d0e82182d68d89,0,1,10.09979,10.09979,0.00021,0.00021,0,0,1,10.1,10.1,0.000441,0.000441,0,0,Phishing
0x564286362092d8e7936f0549571a803b203aaced,1,9891,5349502.400813817,540.8454555468422,10.42451694250005,0.0010539396362855,44544964,-40808479,1656,22462452.0,13564.28260869565,1.658873999999984,0.0010017355072463,44511024,-44576844,Exchange
0x8705ccfd8a6df3785217c307cbebf9b793310b94,1,1,475.0580840332119,475.0580840332119,0.00042,0.00042,0,0,41,692.792882710212,16.8973873831759,0.089061,0.0021722195121951,16591931,-9570418,Exchange
0x2d56f8514aeee22109e0699f8b0bfef304d5ac87,0,0,0.0,0.0,0.0,0.0,0,0,2,0.003079367,0.0015396835,0.000147,7.35e-05,0,0,Phishing
0xa12431d0b9db640034b0cdfceef9cce161e62be4,1,4715,5126575.603428001,1087.290690016543,0.9972698476918158,0.0002115100419282,40950096,-44743409,7405,2208597.61140342,298.2576112631222,0.641498985993859,8.663051802752992e-05,41262398,-38137446,Exchange
0xb1a34309af7f29b4195a6b589737f86e14597ddc,1,1,0.1,0.1,0.000408135,0.000408135,0,0,8,0.2054704523254946,0.0256838065406868,0.0029862,0.000373275,0,0,Exchange
0x8271b2e8cbe29396e9563229030c89679b9470db,1,5664,944724.5905583388,166.7945957906671,2.524394202820405,0.0004456910668821,46031780,-51733593,4413,726436.1206889488,164.6127624493426,2.049842783428934,0.0004645009706387,36618737,-35348940,Exchange
0x0a0ba956038d4a66002d612648332b9c4ab7646c,0,2,4.43711354,2.21855677,0.003549,0.0017745,-461689,-461689,4,4.44066254,1.110165635,0.003423,0.00085575,0,0,Phishing
0x8132fefbcb2ca419ec577954eb4fe37a5722bcb2,0,2,3.97046988,1.98523494,0.00063,0.000315,0,0,4,3.97109988,0.99277497,0.00231,0.0005775,0,0,Phishing
0xdf390bcb82f2f574b690f649da6019db64b86ca2,0,8,2.115868,0.2644835,0.007207702,0.00090096275,0,0,4,2.124352,0.531088,0.005124,0.001281,1676359,0,Phishing
0xa8b3c9c2a45d68eb435b5f3ef6712fa50cdbd996,0,2,13.47900698,6.73950349,0.000126,6.3e-05,1011829,1011829,32,13.47913298,0.421222905625,0.01386798,0.000433374375,574,-8586,Phishing
0x7b433d46e875fe540b1ea2d3011113f1b400d3d5,0,1,1.499139,1.499139,0.000861,0.000861,0,0,3,2.5,0.8333333333333334,0.001848,0.000616,0,0,Phishing
0xf8d04a720520d0bcbc722b1d21ca194aa22699f2,1,9707,262513.2252009988,27.04370301854319,5.598917907807619,0.0005767917902346,21854465,-21437620,474,519785.496545735,1096.593874569061,0.161412142500587,0.0003405319462037,27985808,-25881365,Exchange
0xed3b61249bf08abd799e82075304e660bce1d68e,0,1,0.699685,0.699685,0.000315,0.000315,0,0,2,0.7,0.35,0.001365,0.0006825,0,0,Phishing
0x0681d8db095565fe8a346fa0277bffde9c0edbbf,1,10005,5420224.125652468,541.7515367968483,10.62997115680002,0.0010624658827386,41988367,-44484710,1700,23072956.0,13572.32705882353,1.716125879999985,0.0010094858117646,44952923,-44269171,Exchange
0x0d0707963952f2fba59dd06f2b425ace40b492fe,1,5153,2530113.102188134,490.998079213688,1.149657928105081,0.0002231045853105,32181319,-32057087,4892,3333037.969768162,681.3241966001967,0.7982429699999802,0.0001631731336876,35182613,-35006089,Exchange
0xeb148735f7e75b41aaf344cda706b8f95d5e39d4,0,0,0.0,0.0,0.0,0.0,0,0,2,0.0062517357880414,0.0031258678940207,0.000588,0.000294,0,0,Phishing
0x942b426b39f201965fafe3b3b60707cfbd237fa2,0,1,0.035164911,0.035164911,0.000861,0.000861,0,0,1,0.04,0.04,0.000861,0.000861,0,0,Phishing
0x8ca61e380ebbebe412b5787a20b6ecdf2ab21997,0,1,1.92112811,1.92112811,0.00105,0.00105,0,0,2,1.92217811,0.961089055,0.0021209999999999,0.0010604999999999,0,0,Phishing
0xdc92cff564547691c1649d4ee44878979e47bf41,0,3,4.175674,1.391891333333333,0.000252,8.4e-05,0,0,2,4.57601,2.288005,0.00021,0.000105,0,0,Phishing
0x0a869d79a7052c7f1b55a8ebabbea3420f0d1e13,1,4,292.686843,73.17171075,0.00168,0.00042,0,0,1,99.99941632511266,99.99941632511266,0.000583674887334,0.000583674887334,0,0,Exchange
0x860f3b648111294346897c6a8309ffbf22265526,0,1,10.94755528,10.94755528,0.000315,0.000315,0,0,4,10.94787028,2.73696757,0.00357,0.0008925,0,0,Phishing
0xe45f6c2c0284564bc0b7908aa444730dfd6197fa,0,2,1.948813972885949,0.9744069864429744,0.000614250018816,0.000307125009408,0,0,3,1.954181696339869,0.6513938987799563,0.0008757,0.0002919,0,0,Phishing
0x48aec48f0ad800ac70614f81a98eb45902931401,0,1,19.999916,19.999916,8.4e-05,8.4e-05,0,0,2,40.0,20.0,0.001722,0.000861,0,0,Phishing
0xd7c866d0d536937bf9123e02f7c052446588189f,1,2347,25010.49649323202,10.6563683396813,1.46249801998383,0.0006231350745563,51736191,-41463851,1974,25245.09185058379,12.78880032957639,0.9936102429499836,0.0005033486539766,45731583,-49706987,Exchange
0xd28232ccc22eb037394dc71a6a4274260a965920,0,4,185.5614023991788,46.39035059979469,0.00168,0.00042,2617,0,18,380.6997250400001,21.14998472444445,0.01134,0.00063,3534416,-3533437,Phishing
0x94fe3ad91dacba8ec4b82f56ff7c122181f1535d,1,5838,11615.817325349,1.989691217086159,1.611420151028439,0.0002760226363529,52392023,-49761261,4808,12248.5528734742,2.54753595538149,3.810413980453666,0.0007925153869495,52433077,-52964841,Exchange
0x0167409e6106ec3e3f05a09fcf04606918d21ad5,0,3,0.0989872609999999,0.0329957536666666,0.0004327035,0.0001442345,0,0,3,0.076698,0.025566,0.000651,0.000217,0,0,Phishing
0xb1c32c8cc1978f14ea2564ed74ec146e0f079890,0,1,2.9993823,2.9993823,0.000861,0.000861,0,0,3,3.0002433,1.0000811,0.0009996,0.0003332,313,0,Phishing
0x00cdc153aa8894d08207719fe921fff964f28ba3,1,4863,28484.10919726,5.857312193555419,0.9215736558369712,0.0001895072292488,25108568,-26875410,5140,27719.58016681744,5.392914429341914,0.966783630668682,0.0001880902005191,26712000,-25619305,Exchange
0x6fce6d2ceca868ac809d1e8d52e9fc3b8690118f,0,32,43.33059029938873,1.354080946855898,0.031437,0.00098240625,2203456,-2050423,28,37.56782396864227,1.341707998880081,0.025179,0.00089925,6913528,-6913575,Phishing
0x167a9333bf582556f35bd4d16a7e80e191aa6476,1,9039,7032186.692730841,777.9828180916961,14.99777482416975,0.001659229430708,91600313,-91528965,987,1276982.262903624,1293.801684806103,1.841763942353407,0.0018660222313611,97224180,-97219533,Exchange
0x7db9656fc8435f765df5748e32bf329098ffb5fb,0,1,22.83784437257304,22.83784437257304,0.000861,0.000861,0,0,29,22.83870537257304,0.7875415645714842,0.01555290938124,0.0005363072200427,60472,-18140,Phishing
0x9c3c750372e2dbc2f8f2e6c58edfa6e1d7e463fd,0,1,0.509139,0.509139,0.000861,0.000861,0,0,1,0.51,0.51,0.000105,0.000105,0,0,Phishing
0xfb997ea4c102fad4ec67f8bb069752030c0c0531,0,1,1.003139,1.003139,0.000861,0.000861,0,0,2,1.004,0.502,8.4e-05,4.2e-05,0,0,Phishing
0x23667058d0cd398ff8d25e015c86322644c7783d,0,7,19.93685475,2.848122107142857,0.0031709999999999,0.0004529999999999,139353,-179563,21,19.94002575,0.949525035714286,0.0192758999999999,0.0009178999999999,90098,-174086,Phishing
0x61cbef9db89e5d397bdde7ff9095bede35d4eeb5,0,19,26.968341778,1.419386409368421,0.031269,0.0016457368421052,980595,-1585293,21,35.63379443,1.696847353809524,0.027114354277605,0.001291159727505,190481,-992900,Phishing
0x0211f3cedbef3143223d3acf0e589747933e8527,1,684,326971.5896,478.0286397660819,0.1249833871885412,0.0001827242502756,23534590,-24822208,9654,167125.582497572,17.31153744536689,1.68522248190477,0.0001745620967375,21251416,-23774062,Exchange
0x634cdd7ebeccccf517cd8f4eca959474bc1b58cc,0,4,7.002817740999999,1.75070443525,0.001932,0.000483,0,0,5,7.985106760000001,1.597021352,0.002709,0.0005418,0,0,Phishing
0x3c4385ea6b6105967a68e8202f6818cab642004c,0,2,1.17528891,0.5876444550000001,0.0002309999999999,0.0001154999999999,0,0,1,1.17581558,1.17581558,0.000945,0.000945,0,0,Phishing
0x3389a9cacb4a3fdbe43db14d132b3f1e215a835d,0,4,0.8533334337734528,0.2133333584433632,0.003444,0.000861,0,0,5,0.8484994337733764,0.1696998867546753,0.003423,0.0006845999999999,0,0,Phishing
0x4b01721f0244e7c5b5f63c20942850e447f5a5ee,1,5129,152956.1778784858,29.82183230229787,4.116478731194856,0.0008025889512955,31280658,-33937231,4938,139150.0515489637,28.17943530760708,2.083633632723687,0.0004219590183725,52018679,-48354345,Exchange
0x5a26bc52339327a56beb66862e4170eb96f22b42,0,1,9.39164376,9.39164376,0.002079,0.002079,0,0,3,8.40872276,2.802907586666667,0.00052248,0.00017416,0,0,Phishing
0xb9a2e7d954e07fef84c574214db6cdc128a02879,0,1,6.2092,6.2092,0.000441,0.000441,0,0,5,6.210000000000001,1.242,0.0040694062499999,0.0008138812499999,0,0,Phishing
0xedbb72e6b3cf66a792bff7faac5ea769fe810517,1,4856,604156.3497461412,124.4144048076897,0.7970622554193484,0.000164139673686,28372843,-31925592,5252,449990.6518101443,85.67986515806251,0.7102405336708137,0.0001352323940728,50009031,-50009026,Exchange
0x4e9ce36e442e55ecd9025b9a6e0d88485d628a67,1,6,1302941.141451925,217156.8569086542,0.004387249999986,0.000731208333331,1095976,0,89,6160542.286426981,69219.57625198855,0.0720278999999999,0.000809302247191,17011026,-16516345,Exchange
0xb9ee29ff43d319c126ed2dbdd74d49a2659ede56,0,1,16.516072369,16.516072369,0.000861,0.000861,0,0,18,16.516933369,0.9176074093888889,0.0095361,0.0005297833333333,0,-1596,Phishing
0x9145cb518fd02877fe8efa077c3ead95235fda22,0,1,0.509874,0.509874,0.000126,0.000126,0,0,1,0.51,0.51,3.15e-05,3.15e-05,0,0,Phishing
0x5c985e89dde482efe97ea9f1950ad149eb73829b,1,58,73508.2,1267.38275862069,0.0748439999999995,0.0012904137931034,5245042,-5143781,878,104688.28388798,119.234947480615,0.1966439999999986,0.0002239681093394,13057795,-8753310,Exchange
0x2271a88623266069352196363c1e54f61c5141e1,0,1,2.60435396,2.60435396,0.00042,0.00042,0,0,3,2.60477396,0.8682579866666668,0.002961,0.000987,0,0,Phishing
0x70f3055dde5a66dac0b9df6b09bed0705095ccad,0,5,60.67848006855705,12.13569601371141,0.0025452,0.00050904,0,0,15,60.68105381855705,4.045403587903803,0.0076251,0.00050834,631854,0,Phishing
0x28ebe764b8f9a853509840645216d3c2c0fd774b,1,4731,1629.006778049741,0.3443260997780049,0.4792425338241833,0.0001012983584494,18481396,-19482536,963,1638.505335722379,1.701459330968202,0.0847742996942505,8.803146385695796e-05,11019229,-11284410,Exchange
0x26bb612e398a41db0f749fce24634064ab68c72a,0,1,9.16805757,9.16805757,0.000861,0.000861,0,0,8,9.16891857,1.14611482125,0.00167895,0.00020986875,0,0,Phishing
0x34959919244b18128d084834dba11f0c91732ede,0,0,0.0,0.0,0.0,0.0,0,0,79,441.1371,5.584013924050633,0.4087654323750001,0.0051742459794303,8732,-10405,Phishing
0xf73c3c65bde10bf26c2e1763104e609a41702efe,1,4972,841097.4790503401,169.166830058395,3.224332523333538,0.000648498093993,37631696,-40759642,5045,863123.0779570783,171.0848519240988,2.07897383153456,0.0004120859923755,43056892,-38351935,Exchange
0xa8660c8ffd6d578f657b72c0c811284aef0b735e,1,5293,55118.24128297008,10.41342174248443,8.432717302829802,0.0015931829402663,3146876,-3238641,4708,59970.64766846657,12.73803051581703,8.135353602229527,0.0017279850472025,18313297,-19860903,Exchange
0x899b5d52671830f567bf43a14684eb14e1f945fe,1,2,520.0,260.0,0.000672,0.000336,0,0,38,160220.997429623,4216.342037621658,0.018140808060438,0.0004773896858009,39050859,-38786172,Exchange
0x3fbe1f8fc5ddb27d428aa60f661eaaab0d2000ce,1,0,0.0,0.0,0.0,0.0,0,0,10025,1507936.479529515,150.4176039430938,13.83886881451902,0.0013804357919719,4999743,-7707294,Exchange
0x8b6e20440a46881713f8f9da764b4094781e0f12,0,1,4.1949156175531,4.1949156175531,0.00105,0.00105,0,0,7,4.1959656175531,0.5994236596504429,0.0024255,0.0003465,0,0,Phishing
0x88436c2a2f427f2aa641dfd8c6763facf2bad7bf,0,3,12.880407494,4.293469164666667,0.003255,0.001085,0,-24089,10,12.85515691,1.285515691,0.008841,0.0008841,0,-2955,Phishing
0x8533a0bd9310eb63e7cc8e1116c18a3d67b1976a,1,49,60318.76,1230.995102040816,0.0250614,0.0005114571428571,26353868,-24886096,134,63016.38901811001,470.2715598366418,0.0883400623650718,0.0006592541967542,31121400,-26476369,Exchange
0xea81ce54a0afa10a027f65503bd52fba83d745b8,1,940,5244.653214720001,5.579418313531916,0.2492189471332007,0.0002651265395034,1719963,-1337065,3753,5386.715483601336,1.435309214921752,1.271853803825069,0.0003388899024314,2082397,-2082378,Exchange
0x46cd13ad73b0260bccec6e722c42a7b76ae19b67,0,8,35.28479641108225,4.410599551385282,0.009912,0.001239,0,0,49,35.29470840330448,0.7203001714960097,0.02676847875,0.0005462954846938,117882,-3046,Phishing
0xeb0c7fb7dfa3677b811a9c2c17f70598be706136,0,1,4.999559,4.999559,0.000441,0.000441,0,0,1,5.0,5.0,0.000441,0.000441,0,0,Phishing
0x4e5b2e1dc63f6b91cb6cd759936495434c7e972f,1,1476,356.6470578200002,0.2416307979810299,0.2504810879999988,0.0001697026341463,18661848,-19287168,968,379.5636017474035,0.3921111588299623,0.1742055000000013,0.0001799643595041,11482660,-9334033,Exchange
0xba826fec90cefdf6706858e5fbafcb27a290fbe0,1,5,0.035,0.007,0.02352,0.004704,261,-225,25,9505.356038614898,380.214241544596,0.0424537218,0.0016981488719999,5655761,-5213451,Exchange
0x70faa28a6b8d6829a4b1e649d26ec9a2a39ba413,1,16107,7256170.447213707,450.4979479241142,12.74304406977282,0.0007911494424643,61407908,-59845867,1629,2031119.061157041,1246.850252398429,1.114413707407987,0.0006841090898759,36056083,-39792441,Exchange
0x563b377a956c80d77a7c613a9343699ad6123911,1,8104,197583.8825572214,24.38103190488912,5.870270481169021,0.0007243670386437,60825917,-60322337,3322,1323070.36447,398.2752451745937,2.49452496763895,0.000750910586285,58279471,-53986005,Exchange
0xe79eef9b9388a4ff70ed7ec5bccd5b928ebb8bd1,1,5045,109986.4119215612,21.80107272974454,0.9776055351131544,0.0001937771130055,31968366,-27492805,4958,108089.1252684578,21.80095305939043,0.932689177140388,0.0001881180268536,27612489,-31035472,Exchange
0xb2cc3cdd53fc9a1aeaf3a68edeba2736238ddc5d,1,9795,46861.84321612019,4.784261686178683,1.517323268696199,0.000154907939632,37450397,-33610534,207,48469.45278753062,234.1519458334813,0.0502964756131319,0.0002429781430586,39740164,-44109608,Exchange
0x59a5208b32e627891c389ebafc644145224006e8,1,7604,1912558.502450728,251.5200555563819,1.80032966832113,0.0002367608716887,32606769,-33003501,4603,5061912.989470143,1099.698672489711,0.9601047664942222,0.0002085823955016,34792817,-34558182,Exchange
0x42da8a05cb7ed9a43572b5ba1b8f82a0a6e263dc,1,742,20868408.87084696,28124.54025720614,0.4484799718183258,0.0006044204471945,67630938,-70806903,9,18413.31484817346,2045.923872019274,0.0069409347185219,0.0007712149687246,61041962,-61042031,Exchange
0x6194338943d1fb18c4399f042fe9790e4b80fbac,0,0,0.0,0.0,0.0,0.0,0,0,5,2.71592075,0.5431841500000001,0.002415,0.000483,0,0,Phishing
0x76bf9c57d5976106acf850f5aac997292898c918,0,1,19.999916,19.999916,8.4e-05,8.4e-05,0,0,2,40.0,20.0,0.001722,0.000861,0,0,Phishing
0x6fdb2fe7ee003472de92b039de2d7e56f2e91e6d,0,0,0.0,0.0,0.0,0.0,0,0,1,0.097622615,0.097622615,0.000861,0.000861,0,0,Phishing
0xe0b1ff574564c88a16f7a5e307d35660118900b4,0,2,13.98053978,6.99026989,0.0001701,8.505000000000001e-05,0,0,2,27.96141976,13.98070988,0.001722,0.000861,0,0,Phishing
0x4d77a1144dc74f26838b69391a6d3b1e403d0990,1,2,1.0,0.5,0.0013902,0.0006951,0,0,5,440002.0,88000.4,0.0034755,0.0006951,0,-20,Exchange
0xab7c74abc0c4d48d1bdad5dcb26153fc8780f83e,1,0,0.0,0.0,0.0,0.0,0,0,43,4545031.064147972,105698.3968406505,0.0229496076064146,0.0005337118048003,25836576,-34056817,Exchange
0xf203a3b241decafd4bdebbb557070db337d0ad27,0,2,308.7895599992415,154.3947799996208,0.004158,0.002079,842,842,23,308.7937179992416,13.42581382605398,0.030765,0.0013376086956521,3743,0,Phishing
0x416299aade6443e6f6e8ab67126e65a7f606eef5,1,9879,189574.1678825899,19.18961108235549,5.093118976348519,0.0005155500532795,46561059,-43535893,629,610959.18840786,971.318264559396,0.3240506340416514,0.000515183837904,49004427,-48584875,Exchange
0x8fc07640bcc475aebc70fd8d3580dadfcbb51f74,0,9,432.4385217348598,48.04872463720664,0.004326,0.0004806666666666,4837955,0,292,432.4532953303599,1.481004436062876,0.1349123999999993,0.0004620287671232,3148142,-3152208,Phishing
0x13098fdefba2129b8873bcff5c9ce2de1cf7f32f,0,10,0.4857348008591361,0.0485734800859136,0.0017766,0.00017766,5013031,-14381078,14,0.5009574565456218,0.0357826754675444,0.0036119999999999,0.0002579999999999,5208073,-5552648,Phishing
0xaf1931c20ee0c11bea17a41bfbbad299b2763bc0,1,2995,713248.1531529718,238.1462948757836,1.264798519138558,0.0004223033452883,49004427,-48584875,2,0.057,0.0285,0.000693,0.0003465,0,0,Exchange
0x4121cc82607ebab3f334e067f37fe2709c403bf6,0,86,7.981808537645797,0.0928117271819278,0.016600758,0.0001930320697674,5918261,-3695124,83,4.224456408502903,0.0508970651626855,0.034295100005376,0.0004131939759683,5980313,-429723,Phishing
0x2149cbdd59b50bef9a264914b441f917dc9c7d55,0,4,10383.59019514921,2595.897548787302,0.005523,0.00138075,2761997,308,0,0.0,0.0,0.0,0.0,0,0,ICO Wallets
0x00650a784ee109797ba8c05f3496bdbf2b2b7a1c,0,2,0.6793,0.33965,0.0006929999999999,0.0003464999999999,0,0,1,0.68,0.68,6.3e-05,6.3e-05,0,0,Phishing
0x0577a79cfc63bbc0df38833ff4c4a3bf2095b404,1,93,84209.4,905.4774193548386,0.0922739999999998,0.000992193548387,636944,-874393,2531,42509.52080484714,16.79554358152791,2.50166699999995,0.0009884105096799,1480477,-1477718,Exchange
0x926fc576b7facf6ae2d08ee2d4734c134a743988,1,1174,2916430.53421413,2484.182737831457,1.249575599999999,0.0010643744463373,43592700,-41622287,9124,1730314.811639717,189.6443239412228,2.608934999999994,0.0002859420210434,42554038,-41914504,Exchange
0x26f7eb488661c33c43089ad61944f3231222b32f,0,3,4.0854,1.3618,0.0001049999999999,3.5e-05,3368,0,6,4.24436019,0.707393365,0.005565,0.0009274999999999,0,0,Phishing
0xe2dab81efe425bdd0a64e9c69393f0243d7d672f,0,1,24.45070083,24.45070083,0.000861,0.000861,0,0,9,23.45156183,2.605729092222222,0.0036162,0.0004018,138,0,Phishing
0x9709d5a0f4d79fa488ddc918e633c839eb63b9d0,0,2,9.13609546,4.56804773,0.00012012,6.006e-05,456144,456144,5,9.13621558,1.827243116,0.0039416999999999,0.0007883399999999,0,-23145,Phishing
0x081a48fcfb87ddc415c31ddae1eb3ba5d5696cdb,0,1,0.004940665,0.004940665,0.0001575,0.0001575,0,0,0,0.0,0.0,0.0,0.0,0,0,Phishing
0xe94b04a0fed112f3664e45adb2b8915693dd5ff3,1,0,0.0,0.0,0.0,0.0,0,0,10000,8759839.156979632,875.9839156979632,13.0226079160558,0.0013022607916055,56519380,-54535951,Exchange
0xe24e8a8ad9872ab68db57de4a63800a87cc5279b,0,5,2.132917,0.4265834,0.0021,0.0004199999999999,1231826,-4092087,4,2.086,0.5215,0.000861,0.00021525,0,0,Phishing
0x1095775428aab47a4f922503d69cc8ec889995c6,0,1,15.997,15.997,0.000126,0.000126,0,0,4,16.0,4.0,0.002058,0.0005145,0,0,Phishing
0x9539e0b14021a43cde41d9d45dc34969be9c7cb0,1,5517,701348.7597211064,127.1250244192689,2.642348591981073,0.0004789466362119,22074151,-23997474,4546,1018186.184817553,223.9740837698093,2.168592421371094,0.0004770330887309,25321034,-23825813,Exchange
0x04c62019ab478bff5874e7b7d9bc84fcf7e30025,0,0,0.0,0.0,0.0,0.0,0,0,1,0.01,0.01,0.0004514,0.0004514,0,0,ICO Wallets
0xd69b0089d9ca950640f5dc9931a41a5965f00303,1,0,0.0,0.0,0.0,0.0,0,0,1,40.0,40.0,0.0001680225,0.0001680225,0,0,Exchange
0x4bc2055440dd519fa4d448d2d6899e6604aaedc5,0,1,0.002669214,0.002669214,0.000126,0.000126,0,0,1,0.0035,0.0035,0.000399,0.000399,0,0,Phishing
0x6748f50f686bfbca6fe8ad62b22228b87f31ff2b,1,6,2148.728,358.1213333333333,0.00357,0.0005949999999999,1017298,-1017298,198,2610.89525346,13.18633966393939,0.0505766470164478,0.0002554376111941,11723467,-13057795,Exchange
0x1b6c1a0e20af81b922cb454c3e52408496ee7201,1,0,0.0,0.0,0.0,0.0,0,0,5,5.01,1.002,0.002625,0.000525,3758444,0,Exchange
0x21cc4144c124742762f82120456fbf0b35249791,0,1,9.676585762134376,9.676585762134376,0.001953,0.001953,0,0,26,9.6785387543566,0.3722514905521769,0.009985710000042,0.0003840657692323,17832,-7125,Phishing
0xaa2498d85ba7559006f90110a4bc33c10a06c1af,0,8,51.92081399,6.49010174875,0.003528,0.000441,0,0,79,51.12590098999999,0.6471633036708859,0.0624594931853909,0.0007906264960176,146365,-323096,Phishing
0xa270f3ad1a7a82e6a3157f12a900f1e25bc4fbfd,1,0,0.0,0.0,0.0,0.0,0,0,1,1.0,1.0,2.1e-05,2.1e-05,0,0,Exchange
0x2fa2bc2ce6a4f92952921a4caa46b3727d24a1ec,1,0,0.0,0.0,0.0,0.0,0,0,3,30.07,10.02333333333333,0.0032697,0.0010899,7692049,4137482,Exchange
0xd93a9eba0b33896c629a7febfa2503f7ac0fa3af,0,0,0.0,0.0,0.0,0.0,0,0,39,117.31627068264,3.008109504683077,0.0677463016,0.0017370846564102,483,-64966,Phishing
0x1d6065940bfd6ac7c4ec1e2a35e1420e0a9c1bff,0,3,4.73853473,1.579511576666666,0.002583,0.000861,0,0,6,4.74111773,0.7901862883333334,0.002247,0.0003745,0,0,Phishing
0x41b68340d454f4130269b38f5b16118b011260a4,0,2,22.599118,11.299559,0.000882,0.000441,0,0,7,11.3,1.614285714285714,0.00326221875,0.00046603125,0,0,Phishing
0x2910543af39aba0cd09dbb2d50200b3e800a63d2,1,7203,23168481.72637578,3216.504474021349,5.597212378667082,0.0007770668303022,28984863,-29433852,2910,25810123.89162786,8869.458382002702,47.67513050877631,0.0163832063604042,26608164,-25305303,Exchange
0x007174732705604bbbf77038332dc52fd5a5000c,1,3690,225793.7829927799,61.19072709831434,1.555502166016347,0.0004215453024434,67992353,-58094995,6328,256504.0477892844,40.53477367087301,2.506307659087892,0.0003960663178078,86556818,-69983175,Exchange
0x7a10ec7d68a048bdae36a70e93532d31423170fa,1,7397,141175.6851971803,19.08553267502776,7.784304950000715,0.0010523597336759,24787653,-22885525,2672,235842.7358910244,88.26449696520373,2.722716428049495,0.0010189806991203,22359917,-23472697,Exchange
0xbd2ec7c608a06fe975dbdca729e84dedb34ecc21,1,0,0.0,0.0,0.0,0.0,0,0,2,15.08,7.54,0.0024549,0.00122745,0,0,Exchange
0x2cd7e2e65bb6ef5f233f9dea83736cf8195fe70d,0,4,102.4547259106,25.61368147765,0.00926466,0.002316165,0,0,5,202.5559648386,40.51119296772,0.004074,0.0008148,0,0,Phishing
0x001866ae5b3de6caa5a51543fd9fb64f524f5478,1,1335,70620.63432612,52.89935155514606,0.7679546136263609,0.0005752469015927,6976168,-6976135,1151,47236.01024126082,41.03910533558716,0.5640245207892725,0.0004900299919976,5809739,-1410433,Exchange
0x65f9b2e4d7aaeb40ffea8c6f5844d5ad7da257e0,1,1,0.0027,0.0027,0.00042,0.00042,0,0,7,141.99,20.28428571428572,0.006167160513717,0.000881022930531,15195693,-29260070,Exchange
0x30b71d015f60e2f959743038ce0aaec9b4c1ea44,1,0,0.0,0.0,0.0,0.0,0,0,2802,23420.61285217003,8.358534208483237,3.598295759999972,0.0012841883511777,18839118,-18646560,Exchange
0xfe9e8709d3215310075d67e3ed32a380ccf451c8,1,35,4507865.678774443,128796.1622506984,0.0382501828632,0.00109286236752,2692077,-2644131,10015,4394457.147674734,438.7875334672725,4.191634020000636,0.0004185355986021,28737382,-24970773,Exchange
0x8e85939d6c149a6d2a173b5425306797e6934075,0,5,15.98637767,3.197275534000001,0.002415,0.000483,0,-153,3,15.98879267,5.329597556666667,0.0015119999999999,0.000504,0,0,Phishing
0xa8454096f4a18e0252b411f670b3dd9d21465e75,0,3,8.133677,2.711225666666667,0.001323,0.000441,35146,-94728,8,8.135,1.016875,0.007632994661376,0.000954124332672,0,0,Phishing
0x7fbf068316c5806a62d549441ae82b00fdb10de1,0,1,6.19221388,6.19221388,0.000441,0.000441,0,0,5,6.19265488,1.238530976,0.002499,0.0004998,0,0,Phishing
0x4ff5a066af7f713478e1933929282fd70bd41afb,0,1,1.004139,1.004139,0.000861,0.000861,0,0,3,1.005,0.3349999999999999,0.000987,0.000329,970,0,Phishing
0x46cbc3c3710dc4a632842e155f18f30d4ab38aac,0,1,14.9267,14.9267,0.000483,0.000483,0,0,15,14.92722062,0.9951480413333332,0.005229,0.0003486,0,-28,Phishing
0x0861fca546225fbf8806986d211c8398f7457734,1,5,17.49266973617277,3.498533947234554,0.002793,0.0005586,0,0,59,66.57268553,1.12835060220339,0.059619,0.0010104915254237,8710148,-14259045,Exchange
0x175af261088b31e58ba384b3758f14bcf6c1f4e1,0,0,0.0,0.0,0.0,0.0,0,0,4,656.85,164.2125,0.0027463419999999,0.0006865854999999,4572862,0,ICO Wallets
0x8d630073940fde8112c6a5295ba3e490ca992ee8,0,2,0.07133402,0.03566701,0.001722,0.000861,0,0,1,0.07319502,0.07319502,0.00021,0.00021,0,0,Phishing
0xd582cec308d9320b2ec3dc2868b56549fc8ace5a,0,1,7.24215875,7.24215875,0.000861,0.000861,0,0,9,7.24301975,0.8047799722222222,0.007455,0.0008283333333333,0,0,Phishing
0x034f854b44d28e26386c1bc37ff9b20c6380b00d,1,2442,5516571.976439638,2259.038483390515,2.294667050000009,0.0009396670966421,51687243,-52845525,8397,2767052.487686767,329.5286992600652,2.539330499999978,0.0003024092533047,44071160,-45848552,Exchange
0x1847b35a3444edbede05b52a378d45e13eea54c4,0,2,0.007034,0.003517,0.000168,8.4e-05,0,0,1,0.004,0.004,0.000483,0.000483,0,0,Phishing
0x1119aaefb02bf12b84d28a5d8ea48ec3c90ef1db,1,3003,9216.743679808584,3.069178714554973,1.256155175000017,0.000418300091575,25256039,-24890430,2436,9215.16604683853,3.782908886222714,1.022867999999992,0.0004198965517241,24973847,-28349781,Exchange
0x9b6e8391f1d660141ea45ae9f28f247a9a862795,0,1,0.639685,0.639685,0.000315,0.000315,0,0,1,0.64,0.64,0.0010899,0.0010899,0,0,Phishing
0xe2cdf17f29a567846302969fb7578f7d35bec432,0,3,2.839313983674299,0.9464379945580996,0.002583,0.000861,0,0,12,1.960077483656107,0.1633397903046756,0.004557,0.00037975,18968,0,Phishing
0xe009321b26350c2cff5db607068c1f6813df40d7,0,1,12.65562456,12.65562456,0.001953,0.001953,0,0,13,12.65757756,0.9736598123076924,0.0073670099999999,0.000566693076923,84,-254,Phishing
0x21693c903aad555ae5188f7813108c61722b94a8,0,3,10.998551,3.666183666666667,0.001449,0.000483,0,0,1,11.0,11.0,8.4e-05,8.4e-05,0,0,Phishing
0x36674c2c778f2820170595bdc69aa5ff6d0ba104,0,4,2.485422877672008,0.6213557194180019,0.0018059999999999,0.0004514999999999,0,0,5,2.49226045,0.4984520899999999,0.00282975,0.00056595,0,0,Phishing
0x3f645557753c1e01ea4229bb0bbcb1fee76e0b33,0,1,7.946876981293479,7.946876981293479,0.000861,0.000861,0,0,4,7.947737981293479,1.98693449532337,0.0032865069299999,0.0008216267324999,0,0,Phishing
0xe93381fb4c4f14bda253907b18fad305d799241a,1,3,201.41,67.13666666666667,0.001449,0.000483,0,0,1380,517.2567026,0.3748236975362319,0.3177446999999977,0.0002302497826086,31372066,-14579757,Exchange
0x3397f1a3be3ac6b02e8b0aef8b89d21f7fdaf35b,0,57,96.31068561192222,1.689661151086355,0.02394,0.00042,12637918,-14080677,59,84.90298325384438,1.439033614471939,0.0157709999999999,0.0002673050847457,5688672,-7158283,Phishing
0xd4dcd2459bb78d7a645aa7e196857d421b10d93f,1,5146,196513.6262352185,38.18764598430207,4.28970892104009,0.0008336006453634,29983107,-30638719,5066,214960.9672080876,42.4320898555246,3.204834389678576,0.0006326163422184,30750766,-31065657,Exchange
0xd24400ae8bfebb18ca49be86258a3c749cf46853,1,9917,30983743.87242381,3124.306128105657,5.455820554394138,0.0005501482862149,75333856,-80114310,294,1620556.034758151,5512.095356320242,0.1247649390125038,0.0004243705408588,6446936,-6550320,Exchange
0xf056f435ba0cc4fcd2f1b17e3766549ffc404b94,1,5113,2815118.536356012,550.5805860269924,3.115724563400108,0.0006093730810483,46740786,-38828965,5382,5655975.256070114,1050.905844680437,1.523900699999995,0.0002831476588628,45604856,-47251871,Exchange
0xf3a3fe3318722e1d060845ad7760cc98abe6f977,0,50,87.96031045914413,1.759206209182882,0.0060785135673359,0.0001215702713467,9280641,-9131503,59,87.96638897271147,1.490955745300194,0.030114,0.000510406779661,383,-63868,Phishing
0xc76be07eba6f759cfef1c369a9c9c493a28208c2,0,3,9.867291,3.289097,0.002709,0.000903,0,0,3,9.87,3.29,0.00168,0.00056,0,0,Phishing
0x3052cd6bf951449a984fe4b5a38b46aef9455c8e,1,5097,3406967.563062718,668.4260472950201,6.980849391999839,0.0013695996452815,24351832,-25387651,5204,3615570.180487585,694.7675212312807,6.323772000000073,0.0012151752498078,20045805,-19617882,Exchange
0x28ffe35688ffffd0659aee2e34778b0ae4e193ad,1,523,189729.50704657,362.7715239896175,0.5135826720999995,0.0009819936369024,1426087,-1342809,3491,97828.96523348364,28.0231925618687,3.491563031249949,0.0010001612807934,10582376,-10499650,Exchange
0xe4837a2ece6832babedc2be30bb92da6fa42f484,0,5,4.96203606,0.992407212,0.0052499999999999,0.00105,1037902,-586927,7,4.97560446,0.7108006371428572,0.0088662,0.0012666,0,0,Phishing
0x2819c144d5946404c0516b6f817a960db37d4929,1,5208,346825.0656436322,66.59467466275579,4.377070240000189,0.0008404512749616,24726357,-24200157,4908,363564.8036186096,74.07595835749991,2.057916000000055,0.0004192982885085,23209929,-23862354,Exchange
0xf158d37c2f42bf388321ac60f1a433c8ed94673b,0,9,8.08686375,0.8985404166666666,0.0063052499999999,0.0007005833333333,1211818,-1175415,1,8.09352,8.09352,0.000168,0.000168,0,0,Phishing
0x915d7915f2b469bb654a7d903a5d4417cb8ea7df,1,5638,1207978.671145622,214.2565929665877,2.754858237562468,0.0004886233127993,32210124,-30965627,4861,1130857.784630151,232.6389188706338,2.224967270005184,0.0004577180148128,31840260,-32073196,Exchange
0x5401dbf7da53e1c9dbf484e3d69505815f2f5e6e,1,86,78498.1838,912.7695790697676,0.0886409999999998,0.0010307093023255,361253,-356400,2068,40667.72922975806,19.66524624262962,2.132843999999997,0.0010313558994197,10519858,-10193226,Exchange
0xe17ee7b3c676701c66b395a35f0df4c2276a344e,1,1,0.754355016,0.754355016,0.00105,0.00105,0,0,11,41.03015,3.730013636363637,0.0094881937499999,0.0008625630681818,29389771,-13259587,Exchange
0xd821dfb705333d2c16e0c0c0be75ce360cca566a,0,1,5.499,5.499,0.000441,0.000441,0,0,3,5.5,1.833333333333333,0.002331,0.000777,0,0,Phishing
0x00bdb5699745f5b860228c8f939abf1b9ae374ed,1,0,0.0,0.0,0.0,0.0,0,0,14,824.3056837859999,58.87897741328571,0.013828064,0.0009877188571428,3303091,-4883660,Exchange
0x4975fcf75d0f45a745ececee617e8e1e652c008b,0,1,1.04006385,1.04006385,0.000861,0.000861,0,0,1,1.04092485,1.04092485,4.2e-05,4.2e-05,0,0,Phishing
0xf6fc6941643384ccd56ad8f084beeb338b77128a,0,6,2.574834,0.429139,0.005166,0.0008609999999999,0,0,3,2.58,0.86,0.0026249999999999,0.0008749999999999,620,0,Phishing
0x7ef35bb398e0416b81b019fea395219b65c52164,1,821,2607379.681311739,3175.858320720754,1.013541474,0.0012345206747868,43791535,-43728467,9373,1322707.806294764,141.1189380448911,2.765143499999993,0.0002950115758028,45470983,-44947088,Exchange
0x7a91a362d4f2c9c4627688d5b7090bbb12e5715f,1,20,68.27158635,3.4135793175,0.0029003625,0.000145018125,3562,0,8,101.05953259,12.63244157375,0.001071,0.000133875,4975299,-1296429,Exchange
0x274f3c32c90517975e29dfc209a23f315c1e5fc7,1,4740,301215.9647056397,63.54767187882694,5.090624740400246,0.0010739714642194,31121400,-32050300,5326,302086.4959313833,56.71920689661722,3.371880931752476,0.0006330981847075,35224566,-34011256,Exchange
0x46705dfff24256421a05d056c29e81bdc09723b8,1,5,49.86,9.972,0.002289,0.0004578,211442,0,1780,464.7717826,0.2611077430337079,0.5328938999999949,0.0002993785955056,31372091,-18816201,Exchange
0xb436c96c6de1f50a160ed307317c275424dbe4f2,1,346,500.75811268,1.447277782312138,0.0327500435757066,9.465330513210016e-05,10612572,-5443507,23,543.9597071579427,23.65042205034533,0.0032508,0.0001413391304347,8748357,-4040676,Exchange
0xf97cb2b86dee9c33c7624fd7412889543cca7f5a,0,2,9.6183702,4.8091851,0.0005775,0.00028875,1230876,1230876,2,9.6189477,4.80947385,0.00294,0.00147,0,0,Phishing
0x2f141d0cd81011436df8fa04bdac01cb6cf51a65,0,2,0.15,0.075,0.001722,0.000861,-795,-795,16,9.047944384,0.565496524,0.009723,0.0006076875,288,-821,Phishing
0xbc345238f87abe2978456a3f1c04483e0b63932b,0,1,6.37743167,6.37743167,0.000861,0.000861,0,0,7,6.37829267,0.9111846671428572,0.0047669999999999,0.000681,0,-30007,Phishing
0x8374aa52bf36eabca06e33c4163a081f53e39aa3,0,1,44.67,44.67,0.00084,0.00084,0,0,13,44.67924914,3.436865318461538,0.021218400000021,0.0016321846153862,0,-64,Phishing
0x28ccdb023ccf37041d851a9483db55f6c105f507,0,4,9.54300606,2.385751515,0.003444,0.000861,201165,-292224,15,9.54645006,0.6364300039999999,0.0162749999999999,0.0010849999999999,181634,-219967,Phishing
0x98ec059dc3adfbdd63429454aeb0c990fba4a128,1,0,0.0,0.0,0.0,0.0,0,0,7,400000.10351136,57142.87193019429,0.0034272,0.0004896,8,-502065,Exchange
0xf31b4f7550833a746f788b36f2b292e5fa49a248,0,0,0.0,0.0,0.0,0.0,0,0,12,3.012,0.251,0.02730395,0.0022753291666666,0,0,Phishing
0x876eabf441b2ee5b5b0554fd502a8e0600950cfa,1,9721,29286547.15762774,3012.709305382959,6.088078752284458,0.0006262811184327,47318464,-47145279,5228,31204550.39307884,5968.735729357086,3.610201680615271,0.0006905512013418,45887780,-44905207,Exchange
0x7fa93cd2c95a3f93c8a20d3f2d1825f9f14c81c2,0,54,5.41983864298566,0.1003673822775122,0.0428064769999999,0.000792712537037,3711867,-7565705,197,5.193164669985658,0.0263612419796226,0.1350715900799997,0.0006856425892385,36227419,-14706321,Phishing
